node_id,way_id,lat,lon
10284859769,1124683042,20.9967922,105.8663114
5283422436,1124683042,20.996791917142858,105.86634044571429
4889647795,1124683042,20.996791634285717,105.86636949142857
6444273635,1124683042,20.996791351428573,105.86639853714286
9244174432,1124683042,20.99679106857143,105.86642758285714
2866844513,1124683042,20.996790785714285,105.86645662857143
7116898454,1124683042,20.996790502857145,105.86648567428571
2187661859,1124683042,20.99679022,105.86651472
6338464716,1124683042,20.996789937142857,105.86654376571428
9297923745,1124683042,20.996789654285717,105.86657281142857
7357245583,1124683042,20.996789371428573,105.86660185714285
8917321276,1124683042,20.99678908857143,105.86663090285714
7339917114,1124683042,20.996788805714285,105.86665994857142
4552869366,1124683042,20.996788522857145,105.86668899428571
5643897437,1124683042,20.99678824,105.86671804
4195754379,1124683042,20.996787957142857,105.86674708571428
6732885116,1124683042,20.996787674285716,105.86677613142857
6846278467,1124683042,20.996787391428573,105.86680517714285
4455991648,1124683042,20.99678710857143,105.86683422285715
8666525956,1124683042,20.996786825714285,105.86686326857144
7825349477,1124683042,20.996786542857144,105.86689231428572
4449771166,1124683042,20.99678626,105.86692136
5533245128,1124683042,20.996785977142856,105.86695040571429
1833229894,1124683042,20.996785694285716,105.86697945142858
3636957671,1124683042,20.996785411428572,105.86700849714286
3477537811,1124683042,20.996785128571428,105.86703754285715
1752286634,1124683042,20.996784845714284,105.86706658857143
1628335465,1124683042,20.996784562857144,105.86709563428572
9959814335,1124683042,20.99678428,105.86712468
5232151419,1124683042,20.996783997142856,105.86715372571429
8347959323,1124683042,20.996783714285716,105.86718277142857
6537349479,1124683042,20.99678343142857,105.86721181714286
5441372398,1124683042,20.996783148571428,105.86724086285714
9193242779,1124683042,20.996782865714284,105.86726990857143
3713127967,1124683042,20.996782582857143,105.86729895428572
10284859770,1124683042,20.9967823,105.867328
10284859770,1124683042,20.9967823,105.867328
10284870855,1124683042,20.9967812,105.8673335
10284870855,1124683042,20.9967812,105.8673335
10284859771,1124683042,20.9967752,105.8673629
10284859771,1124683042,20.9967752,105.8673629
10284859772,1124683042,20.9967553,105.8673993
10284859772,1124683042,20.9967553,105.8673993
10284859773,1124683042,20.9967171,105.8674297
10284859773,1124683042,20.9967171,105.8674297
10284859774,1124683042,20.9966817,105.8674418
10284859774,1124683042,20.9966817,105.8674418
10284859775,1124683042,20.996642,105.8674464
10284859775,1124683042,20.996642,105.8674464
7966369361,1124683042,20.996613611111112,105.8674464
8392275342,1124683042,20.996585222222222,105.8674464
4759372599,1124683042,20.996556833333333,105.8674464
9877368546,1124683042,20.996528444444444,105.8674464
2178831247,1124683042,20.996500055555558,105.8674464
4599921773,1124683042,20.996471666666668,105.8674464
9179586274,1124683042,20.99644327777778,105.8674464
1128577253,1124683042,20.99641488888889,105.8674464
10284859780,1124683042,20.9963865,105.8674464
10284859780,1124683042,20.9963865,105.8674464
6221455423,1124683042,20.996356525,105.8674464
9194799674,1124683042,20.99632655,105.8674464
1337692373,1124683042,20.996296575,105.8674464
10284859776,1124683042,20.9962666,105.8674464
10284859776,1124683042,20.9962666,105.8674464
1844127657,1124683042,20.996239189999997,105.8674464
2416698929,1124683042,20.99621178,105.8674464
9365775394,1124683042,20.996184369999998,105.8674464
8724175776,1124683042,20.99615696,105.8674464
3711125484,1124683042,20.99612955,105.8674464
1822187858,1124683042,20.996102139999998,105.8674464
4446928837,1124683042,20.99607473,105.8674464
4627164133,1124683042,20.99604732,105.8674464
5569323245,1124683042,20.99601991,105.8674464
2424539255,1124683042,20.9959925,105.8674464
6165783527,1124683042,20.99596509,105.8674464
3913933482,1124683042,20.99593768,105.8674464
5761992259,1124683042,20.99591027,105.8674464
4435946859,1124683042,20.995882860000002,105.8674464
7485531489,1124683042,20.99585545,105.8674464
5285224417,1124683042,20.99582804,105.8674464
1321792131,1124683042,20.99580063,105.8674464
3936278819,1124683042,20.99577322,105.8674464
5226119967,1124683042,20.995745810000003,105.8674464
10284859777,1124683042,20.9957184,105.8674464
10284859777,1124683042,20.9957184,105.8674464
5977816167,1124683042,20.99567945,105.86744485
10284859778,1124683042,20.9956405,105.8674433
10284859778,1124683042,20.9956405,105.8674433
2373179387,1124683042,20.9956129,105.86743966666667
6581769586,1124683042,20.9955853,105.86743603333333
10284870823,1124683042,20.9955577,105.8674324
10284870823,1124683042,20.9955577,105.8674324
2917561713,1124683042,20.9955304,105.86742875
10284859779,1124683042,20.9955031,105.8674251
10284859779,1124683043,20.9955031,105.8674251
2774465658,1124683043,20.995466200000003,105.8674251
10284859782,1124683043,20.9954293,105.8674251
10284859782,1124683043,20.9954293,105.8674251
7895757861,1124683043,20.995400533333335,105.8674251
4457598889,1124683043,20.995371766666665,105.8674251
10284859781,1124683043,20.995343,105.8674251
10284859781,1124683044,20.995343,105.8674251
10284859783,1124683044,20.9953076,105.8674418
10284859783,1124683044,20.9953076,105.8674418
10284859784,1124683044,20.9952637,105.8674494
10284859784,1124683044,20.9952637,105.8674494
7162638475,1124683044,20.995228666666666,105.86744933333333
1665172214,1124683044,20.995193633333333,105.86744926666667
10284870829,1124683044,20.9951586,105.8674492
10284870829,1124683044,20.9951586,105.8674492
1543797778,1124683044,20.99513005,105.86744909999999
10284859788,1124683044,20.9951015,105.867449
10284859788,1124683044,20.9951015,105.867449
4578816919,1124683044,20.995073686666668,105.86744893999999
4613672132,1124683044,20.995045873333332,105.86744888
2789596668,1124683044,20.99501806,105.86744881999999
1777713348,1124683044,20.994990246666667,105.86744876
6378813147,1124683044,20.994962433333335,105.8674487
4122477447,1124683044,20.99493462,105.86744863999999
6533561262,1124683044,20.994906806666666,105.86744858
5845759686,1124683044,20.994878993333334,105.86744852
4274659215,1124683044,20.99485118,105.86744846
3362937744,1124683044,20.994823366666665,105.8674484
3333422213,1124683044,20.994795553333333,105.86744834
4799649114,1124683044,20.99476774,105.86744828
9689659793,1124683044,20.994739926666668,105.86744822
5673134573,1124683044,20.994712113333332,105.86744816000001
10284870826,1124683044,20.9946843,105.8674481
10284870826,1124683044,20.9946843,105.8674481
2882319425,1124683044,20.9946489,105.867448
10284859785,1124683044,20.9946135,105.8674479
10284859785,1124683044,20.9946135,105.8674479
6559252813,1124683044,20.9945746,105.8674474
10284859787,1124683044,20.9945357,105.8674469
10284859787,1124683044,20.9945357,105.8674469
9324948182,1124683044,20.99450746666667,105.86744683333333
8838763841,1124683044,20.994479233333333,105.86744676666667
10284870843,1124683044,20.994451,105.8674467
10284870843,1124683044,20.994451,105.8674467
3751257582,1124683044,20.994414933333335,105.86744643333334
1662951785,1124683044,20.994378866666665,105.86744616666667
12107253244,1124683044,20.9943428,105.8674459
12107253244,1124683044,20.9943428,105.8674459
3273934511,1124683044,20.99431509642857,105.86744570357143
5461784896,1124683044,20.994287392857142,105.86744550714286
2563561357,1124683044,20.994259689285713,105.86744531071429
8752176819,1124683044,20.994231985714283,105.86744511428572
3111497556,1124683044,20.994204282142856,105.86744491785716
2852557748,1124683044,20.994176578571427,105.86744472142858
5188392166,1124683044,20.994148875,105.86744452500001
3463673937,1124683044,20.99412117142857,105.86744432857144
5537624983,1124683044,20.99409346785714,105.86744413214286
2316772463,1124683044,20.994065764285715,105.86744393571429
2526711738,1124683044,20.994038060714285,105.86744373928572
2134185235,1124683044,20.994010357142855,105.86744354285715
4223772676,1124683044,20.99398265357143,105.86744334642857
2913386174,1124683044,20.99395495,105.86744315000001
3757597474,1124683044,20.99392724642857,105.86744295357144
5327941159,1124683044,20.993899542857143,105.86744275714287
3823357334,1124683044,20.993871839285713,105.8674425607143
3259722322,1124683044,20.993844135714284,105.86744236428572
4148254559,1124683044,20.993816432142857,105.86744216785715
5884345195,1124683044,20.993788728571428,105.86744197142858
3235217915,1124683044,20.993761024999998,105.867441775
3187647334,1124683044,20.99373332142857,105.86744157857143
7822596828,1124683044,20.99370561785714,105.86744138214286
4499534488,1124683044,20.993677914285716,105.8674411857143
8322542641,1124683044,20.993650210714286,105.86744098928573
3176857328,1124683044,20.993622507142856,105.86744079285715
3665462871,1124683044,20.99359480357143,105.86744059642858
10284870853,1124683044,20.9935671,105.8674404
10284870853,1124683044,20.9935671,105.8674404
8414556859,1124683044,20.99353882,105.8674402
6831264475,1124683044,20.99351054,105.86744
2828935426,1124683044,20.99348226,105.8674398
2882492147,1124683044,20.993453979999998,105.8674396
10284870847,1124683044,20.9934257,105.8674394
10284870847,1124683044,20.9934257,105.8674394
3471221413,1124683044,20.993396666666666,105.86743919999999
5952619871,1124683044,20.993367633333335,105.867439
10284859786,1124683044,20.9933386,105.8674388
10284870894,1124683045,20.9967807,105.8688959
1947144761,1124683045,20.99678074,105.86886534
8466783419,1124683045,20.996780779999998,105.86883478
4341315754,1124683045,20.996780819999998,105.86880422
8332424655,1124683045,20.996780859999998,105.86877366
2989844687,1124683045,20.996780899999997,105.86874309999999
8373548273,1124683045,20.99678094,105.86871253999999
8998323955,1124683045,20.99678098,105.86868197999999
5888552777,1124683045,20.99678102,105.86865141999999
3446155551,1124683045,20.99678106,105.86862086
10284870903,1124683045,20.9967811,105.8685903
10284870903,1124683045,20.9967811,105.8685903
6285592184,1124683045,20.99678113846154,105.86856033076923
8298356739,1124683045,20.996781176923076,105.86853036153846
6817431842,1124683045,20.996781215384615,105.8685003923077
6961376397,1124683045,20.99678125384615,105.86847042307691
2273373696,1124683045,20.99678129230769,105.86844045384615
8129755517,1124683045,20.99678133076923,105.86841048461538
8782872128,1124683045,20.996781369230767,105.86838051538462
7261387766,1124683045,20.996781407692307,105.86835054615385
2993371227,1124683045,20.996781446153847,105.86832057692308
9123588139,1124683045,20.996781484615383,105.8682906076923
1573322862,1124683045,20.996781523076923,105.86826063846154
8736317631,1124683045,20.99678156153846,105.86823066923077
12087477501,1124683045,20.9967816,105.8682007
12087477501,1124683045,20.9967816,105.8682007
2787135146,1124683045,20.996781624999997,105.868170575
2576436236,1124683045,20.99678165,105.86814045
8996889357,1124683045,20.996781675,105.868110325
10284859789,1124683045,20.9967817,105.8680802
10284859789,1124683045,20.9967817,105.8680802
2396448258,1124683045,20.9967817,105.86804938571429
3345895654,1124683045,20.9967817,105.86801857142856
9553313717,1124683045,20.9967817,105.86798775714286
7896383485,1124683045,20.9967817,105.86795694285713
3769645929,1124683045,20.9967817,105.86792612857143
5258673825,1124683045,20.9967817,105.8678953142857
10284870821,1124683045,20.9967817,105.8678645
10284870821,1124683045,20.9967817,105.8678645
3462252931,1124683045,20.9967817,105.86783025
10284859790,1124683045,20.9967817,105.867796
10284859790,1124683045,20.9967817,105.867796
10284859791,1124683045,20.9967724,105.8677545
10284859791,1124683045,20.9967724,105.8677545
10284859792,1124683045,20.9967438,105.8677094
10284859792,1124683045,20.9967438,105.8677094
10284859793,1124683045,20.9967084,105.8676878
10284859793,1124683045,20.9967084,105.8676878
10284859794,1124683045,20.9966672,105.8676851
10284859794,1124683045,20.9966672,105.8676851
10284870818,1124683045,20.9966412,105.8676848
10284870818,1124683045,20.9966412,105.8676848
10284859795,1124683045,20.9965947,105.8676842
10284859795,1124683045,20.9965947,105.8676842
6269327237,1124683045,20.996567360526313,105.86768425
6357939545,1124683045,20.99654002105263,105.8676843
3375293631,1124683045,20.996512681578945,105.86768435
4543517474,1124683045,20.996485342105263,105.8676844
8957517364,1124683045,20.996458002631577,105.86768445
3692112962,1124683045,20.996430663157895,105.8676845
2973241682,1124683045,20.99640332368421,105.86768454999999
1214615717,1124683045,20.996375984210527,105.8676846
6928934633,1124683045,20.99634864473684,105.86768465
7413963541,1124683045,20.99632130526316,105.8676847
8943634933,1124683045,20.996293965789473,105.86768475
3922514495,1124683045,20.99626662631579,105.8676848
8269234543,1124683045,20.996239286842105,105.86768485
7492298273,1124683045,20.996211947368423,105.8676849
9357629916,1124683045,20.996184607894737,105.86768495
3969367256,1124683045,20.996157268421054,105.867685
8498143986,1124683045,20.99612992894737,105.86768505
7924328936,1124683045,20.996102589473686,105.8676851
7994496451,1124683045,20.99607525,105.86768515
2263362259,1124683045,20.996047910526315,105.8676852
3312361265,1124683045,20.996020571052632,105.86768525
3879171333,1124683045,20.995993231578947,105.8676853
1355449773,1124683045,20.995965892105264,105.86768535
5223826172,1124683045,20.99593855263158,105.8676854
2622564143,1124683045,20.995911213157896,105.86768545
5882822391,1124683045,20.99588387368421,105.8676855
7485328152,1124683045,20.995856534210528,105.86768555
7118528525,1124683045,20.995829194736842,105.8676856
8318514562,1124683045,20.99580185526316,105.86768565
4999219362,1124683045,20.995774515789474,105.8676857
4174724445,1124683045,20.995747176315792,105.86768575
1264426466,1124683045,20.995719836842106,105.8676858
7864389311,1124683045,20.995692497368424,105.86768585
5839718333,1124683045,20.995665157894738,105.8676859
3634669763,1124683045,20.995637818421056,105.86768595
2911366879,1124683045,20.99561047894737,105.867686
5561522951,1124683045,20.995583139473688,105.86768605
10284870824,1124683045,20.9955558,105.8676861
10284870824,1124683045,20.9955558,105.8676861
9129691218,1124683045,20.995526650000002,105.86768616
8343491564,1124683045,20.995497500000003,105.86768622
6117395885,1124683045,20.99546835,105.86768628
9825235416,1124683045,20.9954392,105.86768633999999
5741376866,1124683045,20.99541005,105.8676864
1731846458,1124683045,20.9953809,105.86768646
8146482748,1124683045,20.99535175,105.86768651999999
3117977975,1124683045,20.995322599999998,105.86768658
1974686451,1124683045,20.99529345,105.86768663999999
10284859796,1124683045,20.9952643,105.8676867
10284859796,1124683045,20.9952643,105.8676867
5997544887,1124683045,20.99523638125,105.86768696875
4256628946,1124683045,20.9952084625,105.8676872375
6169814881,1124683045,20.99518054375,105.86768750625
5261328855,1124683045,20.995152625,105.867687775
8328111818,1124683045,20.99512470625,105.86768804375
3283334755,1124683045,20.9950967875,105.8676883125
5795856897,1124683045,20.99506886875,105.86768858125
4995761835,1124683045,20.99504095,105.86768885
8239738479,1124683045,20.99501303125,105.86768911875
3892381174,1124683045,20.9949851125,105.8676893875
9172666842,1124683045,20.99495719375,105.86768965625
7853475139,1124683045,20.994929275,105.867689925
9428471698,1124683045,20.99490135625,105.86769019375
1448715274,1124683045,20.9948734375,105.8676904625
7871426329,1124683045,20.99484551875,105.86769073125
10284859797,1124683045,20.9948176,105.867691
10284859797,1124683045,20.9948176,105.867691
1815349868,1124683045,20.994784775,105.867690875
1692878186,1124683045,20.99475195,105.86769075
4868814883,1124683045,20.994719125000003,105.867690625
10284870827,1124683045,20.9946863,105.8676905
10284870827,1124683045,20.9946863,105.8676905
1638517168,1124683045,20.99465908888889,105.86769040555555
7366846522,1124683045,20.994631877777778,105.8676903111111
7276484925,1124683045,20.994604666666667,105.86769021666666
2194714131,1124683045,20.994577455555557,105.86769012222221
7217182461,1124683045,20.994550244444447,105.86769002777777
9754638537,1124683045,20.994523033333333,105.86768993333332
1263482327,1124683045,20.994495822222223,105.86768983888888
2463185223,1124683045,20.994468611111113,105.86768974444443
9678561678,1124683045,20.9944414,105.86768964999999
2972652672,1124683045,20.99441418888889,105.86768955555556
4111191731,1124683045,20.99438697777778,105.86768946111111
4245931323,1124683045,20.99435976666667,105.86768936666667
1534396854,1124683045,20.994332555555555,105.86768927222222
6349234874,1124683045,20.994305344444445,105.86768917777778
8472466397,1124683045,20.994278133333335,105.86768908333333
9493524743,1124683045,20.994250922222225,105.86768898888889
3328915719,1124683045,20.99422371111111,105.86768889444444
10284859798,1124683045,20.9941965,105.8676888
10284859799,1124683047,20.9940622,105.8676875
4219642639,1124683047,20.994034777777777,105.86768714444445
8244692119,1124683047,20.994007355555553,105.86768678888889
9819856466,1124683047,20.993979933333332,105.86768643333333
9317521843,1124683047,20.99395251111111,105.86768607777778
2994692946,1124683047,20.993925088888886,105.86768572222222
3416121862,1124683047,20.993897666666665,105.86768536666666
8553219463,1124683047,20.993870244444444,105.8676850111111
6929995294,1124683047,20.99384282222222,105.86768465555555
2971362116,1124683047,20.9938154,105.86768430000001
4363637354,1124683047,20.993787977777778,105.86768394444445
7143369634,1124683047,20.993760555555554,105.8676835888889
3269111327,1124683047,20.993733133333333,105.86768323333334
2171753958,1124683047,20.99370571111111,105.86768287777778
7686366494,1124683047,20.993678288888887,105.86768252222222
8127323517,1124683047,20.993650866666666,105.86768216666667
7626373876,1124683047,20.993623444444445,105.86768181111111
2591281969,1124683047,20.99359602222222,105.86768145555556
10284870854,1124683047,20.9935686,105.8676811
10284870854,1124683047,20.9935686,105.8676811
8219532254,1124683047,20.993539533333333,105.8676807
4614429455,1124683047,20.993510466666667,105.8676803
10284859801,1124683047,20.9934814,105.8676799
10284859801,1124683047,20.9934814,105.8676799
1196475437,1124683047,20.99345375,105.8676799
10284859802,1124683047,20.9934261,105.8676799
10284859802,1124683047,20.9934261,105.8676799
10284859803,1124683047,20.9933765,105.867689
10284859803,1124683047,20.9933765,105.867689
10284859804,1124683047,20.9933383,105.8677072
10284859804,1124683047,20.9933383,105.8677072
10284859805,1124683047,20.9933036,105.8677338
10284859805,1124683047,20.9933036,105.8677338
9663542893,1124683047,20.9932827,105.86775424999999
10284859806,1124683047,20.9932618,105.8677747
10284859806,1124683047,20.9932618,105.8677747
10284859807,1124683047,20.9932285,105.8678134
10284859807,1124683047,20.9932285,105.8678134
10284859808,1124683047,20.9932009,105.8678605
10284859808,1124683047,20.9932009,105.8678605
10284870809,1124683047,20.993186,105.867903
10284870809,1124683047,20.993186,105.867903
10284870810,1124683047,20.9931818,105.8679416
10284870810,1124683047,20.9931818,105.8679416
12098983497,1124683047,20.9931814,105.8679781
12098983497,1124683047,20.9931814,105.8679781
4971578685,1124683047,20.993181033333332,105.86801373333333
6435236777,1124683047,20.993180666666667,105.86804936666667
10284870811,1124683047,20.9931803,105.868085
10284870811,1124683047,20.9931803,105.868085
4992192277,1124683047,20.9931914,105.8681125
10284870812,1124683047,20.9932025,105.86814
10284870812,1124683047,20.9932025,105.86814
10284870813,1124683047,20.9932172,105.8681548
10284870813,1124683047,20.9932172,105.8681548
7891428114,1124683047,20.9932473,105.86817794999999
10284870814,1124683047,20.9932774,105.8682011
10284870814,1124683047,20.9932774,105.8682011
10284870815,1124683047,20.9932873,105.8682132
10284870815,1124683047,20.9932873,105.8682132
10284870816,1124683047,20.993293,105.8682299
10284870816,1124683047,20.993293,105.8682299
5347544944,1124683047,20.993293056000002,105.868258792
2859778797,1124683047,20.993293112,105.86828768400001
8855428416,1124683047,20.993293168,105.868316576
3533843378,1124683047,20.993293224000002,105.868345468
6365452444,1124683047,20.99329328,105.86837436
6121879198,1124683047,20.993293336,105.86840325200001
8515416353,1124683047,20.993293392,105.868432144
7793811432,1124683047,20.993293448,105.868461036
4559752973,1124683047,20.993293504,105.868489928
4259269521,1124683047,20.99329356,105.86851882
2527988199,1124683047,20.993293616,105.868547712
1826962365,1124683047,20.993293672,105.868576604
7898686587,1124683047,20.993293728,105.868605496
9532939966,1124683047,20.993293784000002,105.868634388
7731415227,1124683047,20.99329384,105.86866327999999
5683734544,1124683047,20.993293896,105.868692172
3831668771,1124683047,20.993293952000002,105.868721064
3353877288,1124683047,20.993294008,105.868749956
2899927358,1124683047,20.993294064,105.86877884799999
7437437475,1124683047,20.99329412,105.86880774
7519879627,1124683047,20.993294176,105.868836632
2715237319,1124683047,20.993294232,105.868865524
4834625913,1124683047,20.993294288,105.86889441599999
6531191795,1124683047,20.993294344,105.86892330799999
10284870817,1124683047,20.9932944,105.8689522
10284870829,1124683052,20.9951586,105.8674492
6572514223,1124683052,20.9951626,105.867416575
1752484768,1124683052,20.995166599999997,105.86738395
5288864237,1124683052,20.995170599999998,105.867351325
10284870830,1124683052,20.9951746,105.8673187
10284870830,1124683052,20.9951746,105.8673187
10284870831,1124683052,20.9951687,105.8673078
10284870831,1124683052,20.9951687,105.8673078
10284870832,1124683052,20.9951375,105.867297
10284870832,1124683052,20.9951375,105.867297
4641413227,1124683052,20.995108199999997,105.8672914
4257541395,1124683052,20.9950789,105.86728579999999
1984945999,1124683052,20.995049599999998,105.8672802
3122354665,1124683052,20.9950203,105.86727459999999
10284870833,1124683052,20.994991,105.867269
10284870833,1124683052,20.994991,105.867269
6274479962,1124683052,20.994962066666666,105.8672642
7758791871,1124683052,20.994933133333333,105.8672594
10284870834,1124683052,20.9949042,105.8672546
10284870834,1124683052,20.9949042,105.8672546
10284870835,1124683052,20.9948621,105.867251
10284870835,1124683052,20.9948621,105.867251
7295823625,1124683052,20.9948284,105.867251
10284870836,1124683052,20.9947947,105.867251
10284870836,1124683052,20.9947947,105.867251
9971352651,1124683052,20.9947648,105.8672519
10284870837,1124683052,20.9947349,105.8672528
10284870837,1124683052,20.9947349,105.8672528
9549179663,1124683052,20.9946953,105.8672564
10284870838,1124683052,20.9946557,105.86726
10284870838,1124683052,20.9946557,105.86726
1389647886,1124683052,20.99462285,105.867266325
2815688513,1124683052,20.99459,105.86727265
6184537471,1124683052,20.99455715,105.867278975
10284870839,1124683052,20.9945243,105.8672853
10284870839,1124683052,20.9945243,105.8672853
8453525416,1124683052,20.99449485,105.8672952
10284870840,1124683052,20.9944654,105.8673051
10284870840,1124683052,20.9944654,105.8673051
10284870841,1124683052,20.9944544,105.8673259
10284870841,1124683052,20.9944544,105.8673259
10284870842,1124683052,20.9944536,105.8673448
10284870842,1124683052,20.9944536,105.8673448
5678334867,1124683052,20.994452733333333,105.86737876666666
1711718349,1124683052,20.99445186666667,105.86741273333334
10284870843,1124683052,20.994451,105.8674467
10284859786,1124683060,20.9933386,105.8674388
10284870884,1124683060,20.9932868,105.8674371
10284870884,1124683060,20.9932868,105.8674371
10284870883,1124683060,20.9932592,105.8674333
10284870883,1124683060,20.9932592,105.8674333
10284870882,1124683060,20.9932293,105.8674166
10284870882,1124683060,20.9932293,105.8674166
10284870881,1124683060,20.9932041,105.8673845
10284870881,1124683060,20.9932041,105.8673845
10284870880,1124683060,20.9931921,105.8673499
10284870880,1124683060,20.9931921,105.8673499
2565453623,1124683060,20.993191875,105.86731931666667
8682383332,1124683060,20.99319165,105.86728873333333
5849221287,1124683060,20.993191425,105.86725815
3739758777,1124683060,20.993191200000002,105.86722756666666
7925461812,1124683060,20.993190975,105.86719698333333
7973854783,1124683060,20.99319075,105.8671664
7974872371,1124683060,20.993190525,105.86713581666666
7917986215,1124683060,20.9931903,105.86710523333333
9835565596,1124683060,20.993190075,105.86707464999999
7172524554,1124683060,20.99318985,105.86704406666667
6471421482,1124683060,20.993189625,105.86701348333332
12107253246,1124683060,20.9931894,105.8669829
12107253246,1124683060,20.9931894,105.8669829
10284870878,1124683060,20.9931891,105.8669481
10284870878,1124683060,20.9931891,105.8669481
7865822285,1124683060,20.99318905652174,105.86691901739131
5824151349,1124683060,20.993189013043477,105.8668899347826
4694215346,1124683060,20.993188969565217,105.86686085217391
3576324875,1124683060,20.993188926086955,105.86683176956522
5226866353,1124683060,20.993188882608695,105.86680268695652
3782497371,1124683060,20.993188839130433,105.86677360434783
5689294539,1124683060,20.993188795652173,105.86674452173914
3197513446,1124683060,20.993188752173914,105.86671543913043
6675423193,1124683060,20.99318870869565,105.86668635652174
8387477389,1124683060,20.993188665217392,105.86665727391305
8381618731,1124683060,20.99318862173913,105.86662819130434
6452488274,1124683060,20.99318857826087,105.86659910869565
8359148133,1124683060,20.993188534782607,105.86657002608695
8749369894,1124683060,20.99318849130435,105.86654094347826
6858463548,1124683060,20.993188447826086,105.86651186086956
3735998995,1124683060,20.993188404347826,105.86648277826086
1134712455,1124683060,20.993188360869567,105.86645369565217
4514258691,1124683060,20.993188317391304,105.86642461304348
2442986941,1124683060,20.993188273913045,105.86639553043477
8341464776,1124683060,20.993188230434782,105.86636644782608
4379747349,1124683060,20.993188186956523,105.86633736521739
6567951113,1124683060,20.99318814347826,105.86630828260868
10284870877,1124683060,20.9931881,105.8662792
10284870877,1124683060,20.9931881,105.8662792
9155365618,1124683060,20.993188433333334,105.866249
7159268646,1124683060,20.993188766666666,105.8662188
10284870876,1124683060,20.9931891,105.8661886
10284870876,1124683060,20.9931891,105.8661886
10284870875,1124683060,20.9931932,105.8661346
10284870875,1124683060,20.9931932,105.8661346
10284870879,1124683060,20.9932037,105.8661001
10284870879,1124683060,20.9932037,105.8661001
10284870874,1124683060,20.9932264,105.8660764
10284870874,1124683060,20.9932264,105.8660764
10284870873,1124683060,20.9932556,105.866058
10284870873,1124683060,20.9932556,105.866058
10284870947,1124683060,20.9932849,105.8660532
10284870947,1124683060,20.9932849,105.8660532
10284870872,1124683060,20.993291,105.8660522
10284870872,1124683060,20.993291,105.8660522
6268317142,1124683060,20.993319749999998,105.8660523625
3712811653,1124683060,20.9933485,105.866052525
1463291876,1124683060,20.993377249999998,105.8660526875
2176474844,1124683060,20.993406,105.86605285
3885659537,1124683060,20.99343475,105.8660530125
6869565695,1124683060,20.9934635,105.866053175
8376294276,1124683060,20.99349225,105.8660533375
9153811743,1124683060,20.993521,105.86605349999999
9276258596,1124683060,20.99354975,105.8660536625
6464258644,1124683060,20.993578499999998,105.866053825
9477957445,1124683060,20.99360725,105.8660539875
5578231765,1124683060,20.993636,105.86605415
2539654836,1124683060,20.99366475,105.8660543125
3946627869,1124683060,20.9936935,105.866054475
5686563893,1124683060,20.99372225,105.8660546375
10284870871,1124683060,20.993751,105.8660548
10284870871,1124683060,20.993751,105.8660548
7763537983,1124683060,20.99377828108108,105.8660548972973
2932885422,1124683060,20.993805562162162,105.86605499459459
1774563393,1124683060,20.993832843243244,105.8660550918919
1411182723,1124683060,20.993860124324325,105.86605518918918
1489973723,1124683060,20.993887405405406,105.86605528648649
8371735172,1124683060,20.993914686486487,105.86605538378379
9885945721,1124683060,20.99394196756757,105.86605548108108
4741769311,1124683060,20.99396924864865,105.86605557837838
4715212987,1124683060,20.99399652972973,105.86605567567568
2391581127,1124683060,20.99402381081081,105.86605577297297
6574811364,1124683060,20.99405109189189,105.86605587027027
9431144713,1124683060,20.99407837297297,105.86605596756756
8174196729,1124683060,20.994105654054053,105.86605606486486
2185274484,1124683060,20.994132935135134,105.86605616216217
2849379642,1124683060,20.994160216216216,105.86605625945946
9596758844,1124683060,20.994187497297297,105.86605635675676
8436232874,1124683060,20.994214778378378,105.86605645405406
8939837527,1124683060,20.99424205945946,105.86605655135135
9969462273,1124683060,20.99426934054054,105.86605664864865
7164372961,1124683060,20.994296621621622,105.86605674594594
2697113447,1124683060,20.994323902702703,105.86605684324324
2774821386,1124683060,20.994351183783785,105.86605694054055
5198686487,1124683060,20.994378464864866,105.86605703783783
4876172433,1124683060,20.994405745945947,105.86605713513514
2678289954,1124683060,20.99443302702703,105.86605723243244
4231847573,1124683060,20.99446030810811,105.86605732972973
8797489927,1124683060,20.99448758918919,105.86605742702703
3619886965,1124683060,20.99451487027027,105.86605752432432
5132731814,1124683060,20.99454215135135,105.86605762162162
6514768198,1124683060,20.99456943243243,105.86605771891892
2114869754,1124683060,20.994596713513513,105.86605781621621
3495336754,1124683060,20.994623994594594,105.86605791351352
8497968936,1124683060,20.994651275675675,105.86605801081082
3233995686,1124683060,20.994678556756757,105.8660581081081
3988165183,1124683060,20.994705837837838,105.86605820540541
5498673568,1124683060,20.99473311891892,105.8660583027027
10284870944,1124683060,20.9947604,105.8660584
10284870944,1124683060,20.9947604,105.8660584
3511216142,1124683060,20.99478766,105.8660585
5862848364,1124683060,20.99481492,105.8660586
9833295699,1124683060,20.99484218,105.8660587
7957976137,1124683060,20.994869440000002,105.8660588
4975132128,1124683060,20.9948967,105.8660589
1432166514,1124683060,20.99492396,105.86605899999999
5562847129,1124683060,20.99495122,105.8660591
4885591543,1124683060,20.99497848,105.8660592
6155145352,1124683060,20.99500574,105.8660593
8396846593,1124683060,20.995033,105.8660594
1718789694,1124683060,20.99506026,105.86605949999999
2423637772,1124683060,20.995087520000002,105.8660596
2857841771,1124683060,20.99511478,105.8660597
9186849817,1124683060,20.99514204,105.8660598
10284870870,1124683060,20.9951693,105.8660599
10284870870,1124683060,20.9951693,105.8660599
10284870941,1124683060,20.9952149,105.8660594
10284870941,1124683060,20.9952149,105.8660594
1489383267,1124683060,20.995248375,105.86605904999999
5772973249,1124683060,20.995281849999998,105.8660587
9157593199,1124683060,20.995315325,105.86605835
10284870867,1124683060,20.9953488,105.866058
10284870867,1124683060,20.9953488,105.866058
4975796832,1124683060,20.995376753846152,105.86605794230769
8637479313,1124683060,20.995404707692305,105.86605788461539
4999537244,1124683060,20.99543266153846,105.86605782692307
6538961199,1124683060,20.995460615384616,105.86605776923076
9963941521,1124683060,20.99548856923077,105.86605771153846
1383121825,1124683060,20.995516523076923,105.86605765384616
8411866727,1124683060,20.995544476923076,105.86605759615384
8265176713,1124683060,20.99557243076923,105.86605753846153
6593116173,1124683060,20.995600384615383,105.86605748076923
8682991581,1124683060,20.99562833846154,105.86605742307692
8312896432,1124683060,20.995656292307693,105.8660573653846
8972813969,1124683060,20.995684246153846,105.8660573076923
1599149856,1124683060,20.9957122,105.86605725
3281629893,1124683060,20.995740153846153,105.8660571923077
6622551532,1124683060,20.995768107692307,105.86605713461539
8375635627,1124683060,20.99579606153846,105.86605707692307
6378369451,1124683060,20.995824015384617,105.86605701923077
3363687559,1124683060,20.99585196923077,105.86605696153846
9491925719,1124683060,20.995879923076924,105.86605690384616
9599248743,1124683060,20.995907876923077,105.86605684615384
9595338124,1124683060,20.99593583076923,105.86605678846153
6126929714,1124683060,20.995963784615384,105.86605673076923
8135397949,1124683060,20.99599173846154,105.86605667307693
1981897238,1124683060,20.996019692307694,105.86605661538461
2756927322,1124683060,20.996047646153848,105.8660565576923
10284870868,1124683060,20.9960756,105.8660565
10284870868,1124683060,20.9960756,105.8660565
6285827462,1124683060,20.9961031,105.86605605
10284870869,1124683060,20.9961306,105.8660556
10284870869,1124683060,20.9961306,105.8660556
10284870866,1124683060,20.9961823,105.866051
10284870866,1124683060,20.9961823,105.866051
10284870865,1124683060,20.9962225,105.8660404
10284870865,1124683060,20.9962225,105.8660404
10284870864,1124683060,20.9962602,105.8660257
10284870864,1124683060,20.9962602,105.8660257
10284870863,1124683060,20.9962958,105.8660135
10284870863,1124683060,20.9962958,105.8660135
10284870885,1124683060,20.9963302,105.8659994
10284870885,1124683060,20.9963302,105.8659994
10284870857,1124683060,20.9963528,105.8659901
10284870857,1124683060,20.9963528,105.8659901
4511883329,1124683060,20.996379233333332,105.86597889333333
6985276762,1124683060,20.996405666666668,105.86596768666666
8994612795,1124683060,20.9964321,105.86595648000001
1455221144,1124683060,20.996458533333335,105.86594527333334
4665653969,1124683060,20.996484966666667,105.86593406666667
3555524611,1124683060,20.9965114,105.86592286
9414171733,1124683060,20.996537833333335,105.86591165333333
1755616566,1124683060,20.996564266666667,105.86590044666667
6551123488,1124683060,20.996590700000002,105.86588924
1168851844,1124683060,20.996617133333334,105.86587803333333
6633586917,1124683060,20.996643566666666,105.86586682666666
6377615566,1124683060,20.99667,105.86585561999999
1769822776,1124683060,20.996696433333334,105.86584441333333
2532588687,1124683060,20.99672286666667,105.86583320666666
10284870858,1124683060,20.9967493,105.865822
10284870858,1124683060,20.9967493,105.865822
10284870859,1124683060,20.9967637,105.8658207
10284870859,1124683060,20.9967637,105.8658207
10284870860,1124683060,20.9967757,105.8658256
10284870860,1124683060,20.9967757,105.8658256
10284870862,1124683060,20.9967836,105.8658345
10284870862,1124683060,20.9967836,105.8658345
10284870861,1124683060,20.9967888,105.8658515
10284870861,1124683060,20.9967888,105.8658515
6131642823,1124683060,20.99678902666667,105.86588216
3264731241,1124683060,20.996789253333333,105.86591282
5483228973,1124683060,20.99678948,105.86594348
2296997342,1124683060,20.996789706666668,105.86597414
5423922965,1124683060,20.996789933333336,105.8660048
1788428436,1124683060,20.99679016,105.86603546
9944223786,1124683060,20.996790386666667,105.86606612
2219865318,1124683060,20.996790613333335,105.86609678
2985412935,1124683060,20.996790840000003,105.86612744
8628433637,1124683060,20.996791066666667,105.8661581
7399991555,1124683060,20.996791293333334,105.86618876
4425458927,1124683060,20.996791520000002,105.86621942000001
2178682739,1124683060,20.99679174666667,105.86625008
1268664559,1124683060,20.996791973333334,105.86628074000001
10284859769,1124683060,20.9967922,105.8663114
10284870817,1124683061,20.9932944,105.8689522
10284870886,1124683061,20.9933019,105.8689706
10284870886,1124683061,20.9933019,105.8689706
10284870887,1124683061,20.9933213,105.8689813
10284870887,1124683061,20.9933213,105.8689813
10284870888,1124683061,20.9933526,105.8689831
10284870888,1124683061,20.9933526,105.8689831
10284870889,1124683061,20.993403,105.8689831
10284870889,1124683061,20.993403,105.8689831
9919213321,1124683061,20.993430616666668,105.86898276111111
5678115318,1124683061,20.993458233333335,105.86898242222222
3513135716,1124683061,20.99348585,105.86898208333332
4476351644,1124683061,20.993513466666666,105.86898174444444
1448972148,1124683061,20.993541083333334,105.86898140555556
7748152782,1124683061,20.9935687,105.86898106666666
4128845133,1124683061,20.993596316666668,105.86898072777777
7173455568,1124683061,20.993623933333335,105.86898038888889
6751493342,1124683061,20.993651550000003,105.86898005
7552542216,1124683061,20.993679166666666,105.86897971111111
6397376319,1124683061,20.993706783333334,105.86897937222221
1832272841,1124683061,20.9937344,105.86897903333333
2197211774,1124683061,20.99376201666667,105.86897869444445
1583722767,1124683061,20.993789633333336,105.86897835555556
8955893991,1124683061,20.99381725,105.86897801666666
3542449566,1124683061,20.993844866666667,105.86897767777778
9669669983,1124683061,20.993872483333334,105.8689773388889
10284870900,1124683061,20.9939001,105.868977
10284870900,1124683061,20.9939001,105.868977
2964883242,1124683061,20.993930075,105.8689766375
7197625119,1124683061,20.993960050000002,105.868976275
5181671479,1124683061,20.993990025000002,105.8689759125
5695831673,1124683061,20.99402,105.86897555
5884831581,1124683061,20.994049975,105.8689751875
5975245162,1124683061,20.99407995,105.86897482500001
8231331896,1124683061,20.994109925,105.8689744625
10284870891,1124683061,20.9941399,105.8689741
10284870891,1124683061,20.9941399,105.8689741
7396896285,1124683061,20.994167642857143,105.86897395714286
2816872165,1124683061,20.994195385714285,105.86897381428572
9785233731,1124683061,20.994223128571427,105.86897367142858
9561462115,1124683061,20.994250871428573,105.86897352857143
2765158439,1124683061,20.994278614285715,105.86897338571428
8694976398,1124683061,20.994306357142857,105.86897324285715
12099003721,1124683061,20.9943341,105.8689731
12099003721,1124683061,20.9943341,105.8689731
10284870901,1124683061,20.9943458,105.868973
10284870901,1124683061,20.9943458,105.868973
2344761622,1124683061,20.994376183333333,105.86897283333333
3579874394,1124683061,20.99440656666667,105.86897266666666
9684997954,1124683061,20.99443695,105.8689725
7291268466,1124683061,20.994467333333333,105.86897233333333
3692317375,1124683061,20.994497716666668,105.86897216666667
12098983465,1124683061,20.9945281,105.868972
12098983465,1124683061,20.9945281,105.868972
1292787713,1124683061,20.994558125,105.868971825
5569161831,1124683061,20.99458815,105.86897164999999
7114368564,1124683061,20.994618175,105.868971475
4685356188,1124683061,20.9946482,105.8689713
6718184274,1124683061,20.994678225,105.868971125
7616993863,1124683061,20.994708250000002,105.86897095
3881629166,1124683061,20.994738275,105.868970775
10284870890,1124683061,20.9947683,105.8689706
10284870890,1124683061,20.9947683,105.8689706
7493626971,1124683061,20.994796083333334,105.8689706
2624526472,1124683061,20.994823866666668,105.8689706
7675962375,1124683061,20.99485165,105.8689706
5591993158,1124683061,20.994879433333335,105.8689706
2995288416,1124683061,20.994907216666668,105.8689706
12098983469,1124683061,20.994935,105.8689706
12098983469,1124683061,20.994935,105.8689706
2869326617,1124683061,20.99496372857143,105.86897060714286
7583262398,1124683061,20.99499245714286,105.86897061428571
5318668218,1124683061,20.995021185714286,105.86897062142857
5169647969,1124683061,20.995049914285715,105.86897062857143
9786522393,1124683061,20.995078642857145,105.86897063571429
9367848568,1124683061,20.995107371428574,105.86897064285715
5575511955,1124683061,20.995136100000003,105.86897065
1796283867,1124683061,20.99516482857143,105.86897065714285
9889436255,1124683061,20.99519355714286,105.86897066428571
5447821594,1124683061,20.995222285714288,105.86897067142857
9911149992,1124683061,20.995251014285717,105.86897067857143
7365422917,1124683061,20.995279742857143,105.86897068571429
8472652346,1124683061,20.995308471428572,105.86897069285715
10284870892,1124683061,20.9953372,105.8689707
10284870892,1124683061,20.9953372,105.8689707
1465852147,1124683061,20.9953644,105.86897086363636
8468314951,1124683061,20.9953916,105.86897102727274
2477274778,1124683061,20.9954188,105.8689711909091
8222328248,1124683061,20.995446,105.86897135454545
1623951938,1124683061,20.9954732,105.86897151818182
3949635173,1124683061,20.9955004,105.86897168181818
2779335367,1124683061,20.9955276,105.86897184545455
1293482433,1124683061,20.9955548,105.86897200909091
1318466287,1124683061,20.995582,105.86897217272727
3128472677,1124683061,20.9956092,105.86897233636364
10284870902,1124683061,20.9956364,105.8689725
10284870902,1124683061,20.9956364,105.8689725
3712239885,1124683061,20.995664225,105.86897266388888
8443436119,1124683061,20.99569205,105.86897282777778
5364615726,1124683061,20.995719875,105.86897299166667
5183331625,1124683061,20.9957477,105.86897315555555
7734317511,1124683061,20.995775525,105.86897331944445
8691487312,1124683061,20.99580335,105.86897348333333
8994367399,1124683061,20.995831175,105.86897364722222
8789497179,1124683061,20.995859,105.8689738111111
7232543277,1124683061,20.995886825,105.868973975
7336244474,1124683061,20.99591465,105.86897413888889
3483589259,1124683061,20.995942475,105.86897430277777
2371549627,1124683061,20.9959703,105.86897446666667
9316535891,1124683061,20.995998125,105.86897463055556
1553775684,1124683061,20.99602595,105.86897479444444
8112438785,1124683061,20.996053775,105.86897495833334
7889181463,1124683061,20.9960816,105.86897512222222
8335154921,1124683061,20.996109425,105.86897528611111
1495514262,1124683061,20.996137249999997,105.86897545
6558649372,1124683061,20.996165074999997,105.86897561388889
5455952787,1124683061,20.996192899999997,105.86897577777778
3264217759,1124683061,20.996220724999997,105.86897594166666
3657425647,1124683061,20.996248549999997,105.86897610555556
3145129387,1124683061,20.996276374999997,105.86897626944445
2723174589,1124683061,20.996304199999997,105.86897643333333
4867512921,1124683061,20.996332024999997,105.86897659722223
8695179356,1124683061,20.996359849999997,105.86897676111111
5294847197,1124683061,20.996387674999998,105.868976925
9497477979,1124683061,20.996415499999998,105.8689770888889
3794732633,1124683061,20.996443324999998,105.86897725277778
6226989635,1124683061,20.996471149999998,105.86897741666667
1667464435,1124683061,20.996498974999998,105.86897758055555
8959513223,1124683061,20.996526799999998,105.86897774444445
7292238219,1124683061,20.996554624999998,105.86897790833333
9865786196,1124683061,20.99658245,105.86897807222222
4596852648,1124683061,20.996610275,105.86897823611112
10284870893,1124683061,20.9966381,105.8689784
10284870893,1124683061,20.9966381,105.8689784
3643334742,1124683061,20.9966759,105.86897915
10284870898,1124683061,20.9967137,105.8689799
10284870898,1124683061,20.9967137,105.8689799
10284870895,1124683061,20.9967409,105.8689753
10284870895,1124683061,20.9967409,105.8689753
10284870899,1124683061,20.9967557,105.8689691
10284870899,1124683061,20.9967557,105.8689691
10284870896,1124683061,20.9967676,105.8689576
10284870896,1124683061,20.9967676,105.8689576
10284870897,1124683061,20.9967779,105.8689326
10284870897,1124683061,20.9967779,105.8689326
10284870894,1124683061,20.9967807,105.8688959
12098983480,1306381782,20.9967407,105.8700765
2899273157,1306381782,20.996741138709677,105.87004713870968
5722129658,1306381782,20.996741577419353,105.87001777741935
5453718373,1306381782,20.996742016129033,105.86998841612903
1416694641,1306381782,20.99674245483871,105.8699590548387
1659256841,1306381782,20.996742893548387,105.86992969354839
9644851919,1306381782,20.996743332258063,105.86990033225806
6449936769,1306381782,20.996743770967743,105.86987097096774
4895844875,1306381782,20.99674420967742,105.86984160967742
5821577661,1306381782,20.996744648387097,105.86981224838709
4367639572,1306381782,20.996745087096773,105.86978288709678
5878248338,1306381782,20.99674552580645,105.86975352580644
2633681269,1306381782,20.99674596451613,105.86972416451613
2988439982,1306381782,20.996746403225806,105.86969480322581
6553947293,1306381782,20.996746841935483,105.86966544193548
8637194377,1306381782,20.99674728064516,105.86963608064517
4158352899,1306381782,20.99674771935484,105.86960671935483
2365161542,1306381782,20.996748158064516,105.86957735806452
5974659389,1306381782,20.996748596774193,105.86954799677419
2169235121,1306381782,20.99674903548387,105.86951863548387
5124937927,1306381782,20.99674947419355,105.86948927419355
4614668344,1306381782,20.996749912903226,105.86945991290322
7397133529,1306381782,20.996750351612903,105.86943055161291
1419573461,1306381782,20.99675079032258,105.86940119032258
7498531466,1306381782,20.996751229032256,105.86937182903226
1576634166,1306381782,20.996751667741936,105.86934246774194
5672652737,1306381782,20.996752106451613,105.86931310645161
5571399355,1306381782,20.99675254516129,105.8692837451613
5894769623,1306381782,20.996752983870966,105.86925438387097
9938689158,1306381782,20.996753422580646,105.86922502258065
6266286991,1306381782,20.996753861290323,105.86919566129032
12098983483,1306381782,20.9967543,105.8691663
12098983483,1306381782,20.9967543,105.8691663
12098983477,1306381782,20.9967223,105.869166
12098983477,1306381782,20.9967223,105.869166
1797861494,1306381782,20.996695040350875,105.86916581140352
7483954287,1306381782,20.996667780701753,105.86916562280703
6332139759,1306381782,20.99664052105263,105.86916543421053
4655915388,1306381782,20.996613261403507,105.86916524561404
6962719346,1306381782,20.996586001754384,105.86916505701755
8482412639,1306381782,20.99655874210526,105.86916486842107
2118517723,1306381782,20.996531482456138,105.86916467982456
9976472825,1306381782,20.996504222807015,105.86916449122808
3531745776,1306381782,20.996476963157892,105.86916430263159
9911271968,1306381782,20.99644970350877,105.8691641140351
1457411113,1306381782,20.996422443859647,105.8691639254386
7543958545,1306381782,20.996395184210524,105.86916373684211
5332358783,1306381782,20.9963679245614,105.86916354824562
4582573732,1306381782,20.996340664912278,105.86916335964914
3812495456,1306381782,20.996313405263155,105.86916317105263
6679679518,1306381782,20.996286145614032,105.86916298245615
5393419529,1306381782,20.99625888596491,105.86916279385966
3721675584,1306381782,20.996231626315787,105.86916260526317
5713739655,1306381782,20.996204366666664,105.86916241666667
2364667972,1306381782,20.99617710701754,105.86916222807018
7239943772,1306381782,20.996149847368418,105.8691620394737
1168841559,1306381782,20.996122587719295,105.8691618508772
2285122941,1306381782,20.996095328070172,105.8691616622807
7478681116,1306381782,20.99606806842105,105.86916147368422
8317552715,1306381782,20.996040808771927,105.86916128508773
4431614211,1306381782,20.996013549122804,105.86916109649124
8391463297,1306381782,20.99598628947368,105.86916090789474
6838147981,1306381782,20.995959029824558,105.86916071929825
7236111739,1306381782,20.99593177017544,105.86916053070176
4953968134,1306381782,20.995904510526316,105.86916034210527
9359881269,1306381782,20.995877250877193,105.86916015350877
6726346884,1306381782,20.99584999122807,105.86915996491228
8167494721,1306381782,20.995822731578947,105.8691597763158
6837224687,1306381782,20.995795471929824,105.86915958771931
6851644693,1306381782,20.9957682122807,105.86915939912281
5749854826,1306381782,20.99574095263158,105.86915921052632
4987975331,1306381782,20.995713692982456,105.86915902192983
7742426459,1306381782,20.995686433333333,105.86915883333334
9572623544,1306381782,20.99565917368421,105.86915864473684
2642177347,1306381782,20.995631914035087,105.86915845614035
5886552336,1306381782,20.995604654385964,105.86915826754387
5418225322,1306381782,20.99557739473684,105.86915807894738
7216566626,1306381782,20.99555013508772,105.86915789035088
8397881251,1306381782,20.995522875438596,105.86915770175439
4968589985,1306381782,20.995495615789473,105.8691575131579
4189552873,1306381782,20.99546835614035,105.86915732456141
4485674267,1306381782,20.995441096491227,105.86915713596491
6779686186,1306381782,20.995413836842104,105.86915694736842
2417619352,1306381782,20.99538657719298,105.86915675877194
9182942589,1306381782,20.99535931754386,105.86915657017545
4878713735,1306381782,20.995332057894736,105.86915638157895
7663524362,1306381782,20.995304798245613,105.86915619298246
3493466877,1306381782,20.99527753859649,105.86915600438597
6231737557,1306381782,20.995250278947367,105.86915581578948
5991942977,1306381782,20.995223019298244,105.86915562719298
2743971193,1306381782,20.99519575964912,105.8691554385965
7768865827,1306381782,20.9951685,105.86915525
7352841922,1306381782,20.995141240350875,105.86915506140352
1855233815,1306381782,20.995113980701753,105.86915487280703
3199826757,1306381782,20.99508672105263,105.86915468421053
2181285627,1306381782,20.995059461403507,105.86915449561404
4124333416,1306381782,20.995032201754384,105.86915430701755
8246963748,1306381782,20.99500494210526,105.86915411842106
3228891414,1306381782,20.99497768245614,105.86915392982456
2456912853,1306381782,20.994950422807015,105.86915374122808
5982163978,1306381782,20.994923163157893,105.86915355263159
6494329539,1306381782,20.99489590350877,105.8691533640351
2768248686,1306381782,20.994868643859647,105.8691531754386
7218824868,1306381782,20.994841384210524,105.86915298684211
8383751515,1306381782,20.9948141245614,105.86915279824562
7872532393,1306381782,20.994786864912278,105.86915260964913
6977637365,1306381782,20.994759605263155,105.86915242105263
2866886284,1306381782,20.994732345614032,105.86915223245614
8713721665,1306381782,20.99470508596491,105.86915204385966
8567955288,1306381782,20.994677826315787,105.86915185526317
6155195293,1306381782,20.994650566666664,105.86915166666667
3375416641,1306381782,20.99462330701754,105.86915147807018
1718312843,1306381782,20.994596047368418,105.86915128947369
7969454144,1306381782,20.994568787719295,105.8691511008772
7443558882,1306381782,20.994541528070172,105.8691509122807
2168137725,1306381782,20.99451426842105,105.86915072368421
7346747334,1306381782,20.994487008771927,105.86915053508773
7481349463,1306381782,20.994459749122804,105.86915034649124
5139671356,1306381782,20.99443248947368,105.86915015789474
2563217999,1306381782,20.994405229824558,105.86914996929825
5333466156,1306381782,20.99437797017544,105.86914978070176
5135442878,1306381782,20.994350710526316,105.86914959210527
1931436559,1306381782,20.994323450877193,105.86914940350877
3672274192,1306381782,20.99429619122807,105.86914921491228
2692322215,1306381782,20.994268931578947,105.8691490263158
5588614549,1306381782,20.994241671929824,105.86914883771931
4383416559,1306381782,20.9942144122807,105.8691486491228
3589835665,1306381782,20.99418715263158,105.86914846052632
6731195768,1306381782,20.994159892982456,105.86914827192983
4668759536,1306381782,20.994132633333333,105.86914808333334
4113624932,1306381782,20.99410537368421,105.86914789473684
8334622777,1306381782,20.994078114035087,105.86914770614035
2653127183,1306381782,20.994050854385964,105.86914751754387
4588951573,1306381782,20.99402359473684,105.86914732894738
3136679673,1306381782,20.99399633508772,105.86914714035088
9582459793,1306381782,20.993969075438596,105.86914695175439
7112455649,1306381782,20.993941815789473,105.8691467631579
7179937315,1306381782,20.99391455614035,105.86914657456141
6126155325,1306381782,20.993887296491227,105.86914638596491
3184863426,1306381782,20.993860036842104,105.86914619736842
6818931346,1306381782,20.99383277719298,105.86914600877193
8411546526,1306381782,20.99380551754386,105.86914582017545
8588471736,1306381782,20.993778257894736,105.86914563157895
1879564473,1306381782,20.993750998245613,105.86914544298246
8453872619,1306381782,20.99372373859649,105.86914525438597
9573229177,1306381782,20.993696478947367,105.86914506578948
4893268682,1306381782,20.993669219298244,105.86914487719298
7828512722,1306381782,20.99364195964912,105.86914468859649
12098983476,1306381782,20.9936147,105.8691445
12098983476,1306381782,20.9936147,105.8691445
1943456943,1306381782,20.993585641666666,105.8691443
2377923592,1306381782,20.99355658333333,105.8691441
5758369337,1306381782,20.993527524999998,105.86914390000001
2487832475,1306381782,20.993498466666665,105.86914370000001
3466366143,1306381782,20.993469408333333,105.8691435
7372467359,1306381782,20.99344035,105.8691433
8525564648,1306381782,20.993411291666664,105.8691431
8857911651,1306381782,20.99338223333333,105.8691429
1538463934,1306381782,20.993353175,105.8691427
5597726474,1306381782,20.993324116666663,105.86914250000001
7338949354,1306381782,20.99329505833333,105.86914230000001
12098983484,1306381782,20.993266,105.8691421
12098983484,1306381782,20.993266,105.8691421
3175447847,1306381782,20.993265666666666,105.86917169333334
8519972847,1306381782,20.993265333333333,105.86920128666667
2748744551,1306381782,20.993264999999997,105.86923088
1445577883,1306381782,20.993264666666665,105.86926047333334
7599143959,1306381782,20.993264333333332,105.86929006666668
3619933715,1306381782,20.993264,105.86931966
2862175473,1306381782,20.993263666666664,105.86934925333334
7932836297,1306381782,20.99326333333333,105.86937884666668
8638345878,1306381782,20.993263,105.86940844
8712238849,1306381782,20.993262666666666,105.86943803333334
9769727266,1306381782,20.99326233333333,105.86946762666668
3656984611,1306381782,20.993261999999998,105.86949722
3633389595,1306381782,20.993261666666665,105.86952681333334
9562433721,1306381782,20.993261333333333,105.86955640666667
7453512124,1306381782,20.993260999999997,105.869586
4517828967,1306381782,20.993260666666664,105.86961559333334
7426296976,1306381782,20.993260333333332,105.86964518666667
6366898176,1306381782,20.99326,105.86967478000001
6144691352,1306381782,20.993259666666667,105.86970437333333
2358379625,1306381782,20.99325933333333,105.86973396666667
2548444178,1306381782,20.993259,105.86976356000001
3724431945,1306381782,20.993258666666666,105.86979315333333
6133574686,1306381782,20.993258333333333,105.86982274666667
6865948825,1306381782,20.993257999999997,105.86985234000001
5374466142,1306381782,20.993257666666665,105.86988193333335
6817967545,1306381782,20.993257333333332,105.86991152666667
2127997617,1306381782,20.993257,105.86994112000001
1983159797,1306381782,20.993256666666664,105.86997071333334
3282389744,1306381782,20.99325633333333,105.87000030666667
12098983486,1306381782,20.993256,105.8700299
12098983486,1306381782,20.993256,105.8700299
1421746191,1306381782,20.9932831761194,105.8700302641791
7127935242,1306381782,20.993310352238804,105.87003062835821
7658935479,1306381782,20.993337528358207,105.87003099253732
5947588361,1306381782,20.99336470447761,105.87003135671642
5169562181,1306381782,20.993391880597013,105.87003172089553
7265852225,1306381782,20.993419056716416,105.87003208507463
8931495653,1306381782,20.99344623283582,105.87003244925374
1775886914,1306381782,20.99347340895522,105.87003281343284
2651271339,1306381782,20.993500585074624,105.87003317761194
1212939994,1306381782,20.993527761194027,105.87003354179105
9369536773,1306381782,20.99355493731343,105.87003390597016
5589274163,1306381782,20.993582113432836,105.87003427014926
7882954846,1306381782,20.99360928955224,105.87003463432836
7611693497,1306381782,20.993636465671642,105.87003499850746
4214395765,1306381782,20.993663641791045,105.87003536268658
7433437463,1306381782,20.993690817910448,105.87003572686568
1525545652,1306381782,20.99371799402985,105.87003609104478
6429577649,1306381782,20.993745170149253,105.87003645522388
9323141375,1306381782,20.993772346268656,105.870036819403
5277446266,1306381782,20.99379952238806,105.8700371835821
3787243927,1306381782,20.993826698507462,105.8700375477612
1592858655,1306381782,20.993853874626865,105.8700379119403
4328565861,1306381782,20.993881050746268,105.8700382761194
3995625966,1306381782,20.99390822686567,105.87003864029852
5326434214,1306381782,20.993935402985073,105.87003900447762
8572186134,1306381782,20.993962579104476,105.87003936865672
8657755697,1306381782,20.99398975522388,105.87003973283582
4232119347,1306381782,20.994016931343282,105.87004009701494
7493355283,1306381782,20.994044107462685,105.87004046119404
8312485969,1306381782,20.994071283582088,105.87004082537314
3399695613,1306381782,20.99409845970149,105.87004118955224
1885696368,1306381782,20.994125635820893,105.87004155373135
7996473513,1306381782,20.994152811940296,105.87004191791046
8754485951,1306381782,20.994179988059702,105.87004228208956
7232881155,1306381782,20.994207164179105,105.87004264626866
9577726749,1306381782,20.994234340298508,105.87004301044777
5394911698,1306381782,20.99426151641791,105.87004337462687
5932488464,1306381782,20.994288692537314,105.87004373880598
1397628393,1306381782,20.994315868656717,105.87004410298508
5664968988,1306381782,20.99434304477612,105.87004446716419
6888491293,1306381782,20.994370220895522,105.8700448313433
7578256369,1306381782,20.994397397014925,105.8700451955224
6733938495,1306381782,20.994424573134328,105.8700455597015
7992242515,1306381782,20.99445174925373,105.87004592388061
9413288824,1306381782,20.994478925373134,105.87004628805971
1231152416,1306381782,20.994506101492536,105.87004665223881
3821917574,1306381782,20.99453327761194,105.87004701641791
3323816197,1306381782,20.994560453731342,105.87004738059701
1765967777,1306381782,20.994587629850745,105.87004774477613
8555981115,1306381782,20.994614805970148,105.87004810895523
5839464143,1306381782,20.99464198208955,105.87004847313433
2281548385,1306381782,20.994669158208954,105.87004883731343
9579842732,1306381782,20.994696334328356,105.87004920149255
1871823899,1306381782,20.99472351044776,105.87004956567165
5379427447,1306381782,20.994750686567162,105.87004992985075
4168766441,1306381782,20.99477786268657,105.87005029402985
3131825192,1306381782,20.99480503880597,105.87005065820897
1215759223,1306381782,20.994832214925374,105.87005102238807
8858725847,1306381782,20.994859391044777,105.87005138656717
8263352276,1306381782,20.99488656716418,105.87005175074627
4381735437,1306381782,20.994913743283583,105.87005211492539
9182679386,1306381782,20.994940919402985,105.87005247910449
8663274328,1306381782,20.99496809552239,105.87005284328359
4416188696,1306381782,20.99499527164179,105.87005320746269
8513871588,1306381782,20.995022447761194,105.8700535716418
9934384131,1306381782,20.995049623880597,105.8700539358209
12098983479,1306381782,20.9950768,105.8700543
12098983479,1306381782,20.9950768,105.8700543
8882774533,1306381782,20.99510407777778,105.87005466444445
1779412895,1306381782,20.995131355555554,105.8700550288889
6165426767,1306381782,20.995158633333332,105.87005539333335
2898255736,1306381782,20.99518591111111,105.87005575777778
8598493538,1306381782,20.99521318888889,105.87005612222222
8193296351,1306381782,20.995240466666665,105.87005648666667
1649172618,1306381782,20.995267744444444,105.87005685111112
2538473178,1306381782,20.995295022222223,105.87005721555556
4947819313,1306381782,20.995322299999998,105.87005758000001
7429192221,1306381782,20.995349577777777,105.87005794444445
1718659575,1306381782,20.995376855555556,105.8700583088889
5833622548,1306381782,20.995404133333334,105.87005867333333
5712916832,1306381782,20.99543141111111,105.87005903777778
6758721837,1306381782,20.99545868888889,105.87005940222222
4317394279,1306381782,20.995485966666667,105.87005976666667
3745342231,1306381782,20.995513244444442,105.87006013111112
4777333341,1306381782,20.99554052222222,105.87006049555556
8935299118,1306381782,20.9955678,105.87006086000001
7981877263,1306381782,20.99559507777778,105.87006122444444
1411517571,1306381782,20.995622355555554,105.87006158888889
2765553154,1306381782,20.995649633333333,105.87006195333333
3857246169,1306381782,20.99567691111111,105.87006231777778
3235672278,1306381782,20.995704188888887,105.87006268222223
9485952229,1306381782,20.995731466666665,105.87006304666667
6251346766,1306381782,20.995758744444444,105.87006341111112
1349356836,1306381782,20.99578602222222,105.87006377555556
2569574268,1306381782,20.9958133,105.87006414
8547263159,1306381782,20.995840577777777,105.87006450444444
3274929158,1306381782,20.995867855555556,105.87006486888889
2236758537,1306381782,20.99589513333333,105.87006523333334
1679683711,1306381782,20.99592241111111,105.87006559777778
6853461633,1306381782,20.99594968888889,105.87006596222223
4739481626,1306381782,20.995976966666664,105.87006632666667
5714674595,1306381782,20.996004244444443,105.8700666911111
9388272659,1306381782,20.99603152222222,105.87006705555555
4868542226,1306381782,20.9960588,105.87006742
6519552216,1306381782,20.996086077777775,105.87006778444444
5957923539,1306381782,20.996113355555554,105.87006814888889
2726831182,1306381782,20.996140633333333,105.87006851333334
4553433298,1306381782,20.996167911111108,105.87006887777778
5368638832,1306381782,20.996195188888887,105.87006924222223
7476779612,1306381782,20.996222466666666,105.87006960666666
7628416443,1306381782,20.996249744444444,105.8700699711111
7756514457,1306381782,20.99627702222222,105.87007033555555
12098983478,1306381782,20.9963043,105.8700707
12098983491,1306381783,20.9904413,105.8677688
2937939761,1306381783,20.990441633333333,105.86779830666666
6772712578,1306381783,20.990441966666666,105.86782781333334
7973349496,1306381783,20.9904423,105.86785732
2628581699,1306381783,20.990442633333334,105.86788682666666
5699928459,1306381783,20.990442966666667,105.86791633333333
3191318335,1306381783,20.9904433,105.86794584
9565445226,1306381783,20.99044363333333,105.86797534666667
6355363111,1306381783,20.990443966666668,105.86800485333333
6586632215,1306381783,20.9904443,105.86803436
4861222573,1306381783,20.990444633333333,105.86806386666667
5178515995,1306381783,20.990444966666665,105.86809337333334
5148969645,1306381783,20.990445299999998,105.86812288
4582262842,1306381783,20.990445633333334,105.86815238666667
2499455783,1306381783,20.990445966666666,105.86818189333334
12098983490,1306381783,20.9904463,105.8682114
12098983490,1306381783,20.9904463,105.8682114
5162529338,1306381783,20.990454875757575,105.86823968484849
7699676969,1306381783,20.99046345151515,105.86826796969697
4689123134,1306381783,20.990472027272727,105.86829625454546
5655575383,1306381783,20.990480603030303,105.86832453939394
5427861293,1306381783,20.99048917878788,105.86835282424244
5162857725,1306381783,20.990497754545455,105.86838110909092
2656394815,1306381783,20.99050633030303,105.8684093939394
7214895933,1306381783,20.990514906060607,105.86843767878788
6944548831,1306381783,20.99052348181818,105.86846596363637
6991922858,1306381783,20.990532057575756,105.86849424848485
2529657644,1306381783,20.99054063333333,105.86852253333333
5911663851,1306381783,20.990549209090908,105.86855081818182
8134924214,1306381783,20.990557784848484,105.86857910303031
9291191151,1306381783,20.99056636060606,105.8686073878788
1439346597,1306381783,20.990574936363636,105.86863567272728
1728162413,1306381783,20.990583512121212,105.86866395757576
8567437271,1306381783,20.990592087878788,105.86869224242425
8627699832,1306381783,20.990600663636364,105.86872052727273
8399949519,1306381783,20.99060923939394,105.86874881212121
9243751329,1306381783,20.990617815151516,105.8687770969697
9127191886,1306381783,20.990626390909092,105.86880538181819
2561919782,1306381783,20.99063496666667,105.86883366666667
7323183257,1306381783,20.990643542424245,105.86886195151516
1626271144,1306381783,20.99065211818182,105.86889023636364
5171336348,1306381783,20.990660693939393,105.86891852121212
6167634643,1306381783,20.99066926969697,105.8689468060606
6833297423,1306381783,20.990677845454545,105.86897509090909
4987178767,1306381783,20.99068642121212,105.86900337575757
7631464999,1306381783,20.990694996969697,105.86903166060607
1818239975,1306381783,20.990703572727273,105.86905994545455
8883713533,1306381783,20.99071214848485,105.86908823030303
1672353441,1306381783,20.990720724242426,105.86911651515152
12098983489,1306381783,20.9907293,105.8691448
12098983489,1306381783,20.9907293,105.8691448
9522697524,1306381783,20.99072328,105.86917698
3584957799,1306381783,20.99071726,105.86920916
4722511728,1306381783,20.990711240000003,105.86924134
6982927626,1306381783,20.990705220000002,105.86927352
8830798002,1306381783,20.9906992,105.8693057
12098983496,1306381784,20.9906266,105.8677554
2618794264,1306381784,20.990654348,105.86775555199999
6339784363,1306381784,20.990682096,105.86775570399999
7282452286,1306381784,20.990709843999998,105.86775585599999
2596628883,1306381784,20.990737592,105.86775600799999
2325677478,1306381784,20.99076534,105.86775616
5284755713,1306381784,20.990793088,105.867756312
2187482536,1306381784,20.990820836,105.867756464
7239789291,1306381784,20.990848584,105.867756616
2943816934,1306381784,20.990876332,105.86775676799999
5535889398,1306381784,20.99090408,105.86775691999999
2169979525,1306381784,20.990931828,105.86775707199999
6857174748,1306381784,20.990959576,105.86775722399999
4827589138,1306381784,20.990987324,105.867757376
4833694212,1306381784,20.991015072,105.867757528
4626744127,1306381784,20.99104282,105.86775768
7535659861,1306381784,20.991070568,105.867757832
6512793717,1306381784,20.991098316000002,105.867757984
7582564118,1306381784,20.991126064,105.86775813599999
3898259213,1306381784,20.991153812,105.86775828799999
2738712256,1306381784,20.99118156,105.86775843999999
4622156136,1306381784,20.991209308000002,105.867758592
1139513536,1306381784,20.991237056000003,105.867758744
9913173852,1306381784,20.991264804,105.867758896
8492465985,1306381784,20.991292552,105.867759048
12107164433,1306381784,20.9913203,105.8677592
12107164433,1306381784,20.9913203,105.8677592
1859624638,1306381784,20.991348236842107,105.86775935263158
1222279347,1306381784,20.991376173684213,105.86775950526315
1576355877,1306381784,20.991404110526318,105.86775965789474
1487792252,1306381784,20.991432047368423,105.86775981052631
4131862714,1306381784,20.99145998421053,105.8677599631579
9486617711,1306381784,20.991487921052634,105.86776011578947
4527618535,1306381784,20.99151585789474,105.86776026842105
8282771894,1306381784,20.991543794736845,105.86776042105262
8457722312,1306381784,20.99157173157895,105.86776057368421
4128519662,1306381784,20.991599668421053,105.86776072631578
4153614968,1306381784,20.991627605263158,105.86776087894737
6481683757,1306381784,20.991655542105264,105.86776103157894
4337955313,1306381784,20.99168347894737,105.86776118421052
7778116181,1306381784,20.991711415789474,105.8677613368421
9477611692,1306381784,20.99173935263158,105.86776148947368
4553873849,1306381784,20.991767289473685,105.86776164210525
8438271545,1306381784,20.99179522631579,105.86776179473684
4195931429,1306381784,20.991823163157896,105.86776194736841
12107164442,1306381784,20.9918511,105.8677621
12107164442,1306381784,20.9918511,105.8677621
7395991633,1306381784,20.991878369444446,105.86776225
6445315849,1306381784,20.99190563888889,105.86776239999999
1411861773,1306381784,20.991932908333336,105.86776255
7498826187,1306381784,20.99196017777778,105.8677627
3514671641,1306381784,20.991987447222222,105.86776284999999
8566173468,1306381784,20.992014716666667,105.867763
1587187487,1306381784,20.99204198611111,105.86776314999999
1516856769,1306381784,20.992069255555556,105.8677633
2835324542,1306381784,20.992096525,105.86776345
5776132718,1306381784,20.992123794444446,105.86776359999999
2719437652,1306381784,20.99215106388889,105.86776375
6441822722,1306381784,20.992178333333335,105.8677639
4786558332,1306381784,20.99220560277778,105.86776404999999
1437755834,1306381784,20.99223287222222,105.8677642
9871241685,1306381784,20.992260141666666,105.86776435
8381577415,1306381784,20.99228741111111,105.86776449999999
3276557255,1306381784,20.992314680555555,105.86776465
9194915512,1306381784,20.99234195,105.8677648
5699496174,1306381784,20.992369219444445,105.86776495
4813536682,1306381784,20.99239648888889,105.8677651
5325388572,1306381784,20.992423758333334,105.86776524999999
6945997869,1306381784,20.99245102777778,105.8677654
4317826251,1306381784,20.99247829722222,105.86776555
6361366753,1306381784,20.992505566666665,105.86776569999999
5223378292,1306381784,20.99253283611111,105.86776585
4549234944,1306381784,20.992560105555555,105.867766
4387454854,1306381784,20.992587375,105.86776615
3629674982,1306381784,20.992614644444444,105.8677663
1569371671,1306381784,20.99264191388889,105.86776645
8428337975,1306381784,20.992669183333334,105.8677666
6866195373,1306381784,20.99269645277778,105.86776675
2159363298,1306381784,20.99272372222222,105.86776689999999
7254966513,1306381784,20.992750991666664,105.86776705
7415414945,1306381784,20.99277826111111,105.8677672
2252876296,1306381784,20.992805530555554,105.86776735
12098983495,1306381784,20.9928328,105.8677675
12098983495,1306381784,20.9928328,105.8677675
4991541532,1306381784,20.992858475,105.86779097499999
3178596614,1306381784,20.992884150000002,105.86781445
2687139254,1306381784,20.992909825,105.867837925
12098983494,1306381784,20.9929355,105.8678614
12098983494,1306381784,20.9929355,105.8678614
6766375186,1306381784,20.992936833333335,105.8678994
7169151348,1306381784,20.992938166666665,105.8679374
12098983492,1306381784,20.9929395,105.8679754
12098983492,1306381784,20.9929395,105.8679754
9211381453,1306381784,20.992939288,105.86800484800001
1913787237,1306381784,20.992939076,105.868034296
8951313597,1306381784,20.992938864,105.86806374400001
9391772132,1306381784,20.992938652,105.868093192
8636936471,1306381784,20.99293844,105.86812264000001
6165763384,1306381784,20.992938228,105.868152088
3471139416,1306381784,20.992938016,105.86818153600001
6256621144,1306381784,20.992937804,105.868210984
6198947135,1306381784,20.992937592,105.86824043200001
3659537997,1306381784,20.99293738,105.86826988
2448632536,1306381784,20.992937168,105.868299328
2277265773,1306381784,20.992936956,105.868328776
9571191924,1306381784,20.992936743999998,105.868358224
8829459488,1306381784,20.992936531999998,105.868387672
3482515329,1306381784,20.99293632,105.86841712
1671463967,1306381784,20.992936108,105.868446568
8495548436,1306381784,20.992935896,105.868476016
8229222659,1306381784,20.992935684,105.868505464
3917375263,1306381784,20.992935472,105.868534912
2331879315,1306381784,20.99293526,105.86856436
1831315598,1306381784,20.992935048,105.868593808
4742848932,1306381784,20.992934836,105.86862325599999
7789287736,1306381784,20.992934624,105.868652704
3815421135,1306381784,20.992934412,105.86868215199999
12098983493,1306381784,20.9929342,105.8687116
10284870812,1306381789,20.9932025,105.86814
4725194395,1306381789,20.99322992307692,105.86814002307692
8382692176,1306381789,20.993257346153847,105.86814004615384
3455893784,1306381789,20.99328476923077,105.86814006923076
6137656282,1306381789,20.99331219230769,105.86814009230768
2468814492,1306381789,20.993339615384617,105.8681401153846
9453986389,1306381789,20.99336703846154,105.86814013846153
6785413571,1306381789,20.99339446153846,105.86814016153846
8648895847,1306381789,20.993421884615383,105.86814018461538
5388228356,1306381789,20.99344930769231,105.8681402076923
1574339227,1306381789,20.99347673076923,105.86814023076923
3466451967,1306381789,20.993504153846153,105.86814025384615
7554588126,1306381789,20.99353157692308,105.86814027692307
12099003716,1306381789,20.993559,105.8681403
12099003716,1306381789,20.993559,105.8681403
8831152962,1306381789,20.99355835,105.86817515
12099003717,1306381789,20.9935577,105.86821
12099003717,1306381789,20.9935577,105.86821
9154473395,1306381789,20.993585246666665,105.86821
8568399155,1306381789,20.993612793333334,105.86821
8656212991,1306381789,20.99364034,105.86821
2594779152,1306381789,20.993667886666667,105.86821
1253412194,1306381789,20.993695433333333,105.86821
5741559235,1306381789,20.99372298,105.86821
6687293444,1306381789,20.993750526666666,105.86821
9864377326,1306381789,20.993778073333335,105.86821
5749746457,1306381789,20.99380562,105.86821
8331643396,1306381789,20.99383316666667,105.86821
4889723553,1306381789,20.993860713333333,105.86821
3175859388,1306381789,20.993888260000002,105.86821
9342928627,1306381789,20.993915806666667,105.86821
8777867669,1306381789,20.993943353333336,105.86821
12099003718,1306381789,20.9939709,105.86821
12099003718,1306381789,20.9939709,105.86821
3512851385,1306381789,20.99397155,105.86817785
12099003719,1306381789,20.9939722,105.8681457
12099003719,1306381789,20.9939722,105.8681457
4866426553,1306381789,20.994001700000002,105.86814589090909
9586252286,1306381789,20.994031200000002,105.86814608181818
3885542227,1306381789,20.994060700000002,105.86814627272727
5578346389,1306381789,20.994090200000002,105.86814646363636
8366633254,1306381789,20.994119700000002,105.86814665454546
1359571489,1306381789,20.9941492,105.86814684545455
8727533522,1306381789,20.9941787,105.86814703636364
2721978442,1306381789,20.9942082,105.86814722727273
9781141584,1306381789,20.9942377,105.86814741818182
4589349267,1306381789,20.9942672,105.86814760909091
12099003720,1306381789,20.9942967,105.8681478
12099003720,1306381789,20.9942967,105.8681478
3422822457,1306381789,20.99429655,105.8681791
2783657235,1306381789,20.9942964,105.8682104
7859235883,1306381789,20.994296249999998,105.8682417
7158668346,1306381789,20.9942961,105.868273
4824929435,1306381789,20.99429595,105.8683043
7519635772,1306381789,20.9942958,105.8683356
6198914172,1306381789,20.994295649999998,105.8683669
7984497839,1306381789,20.9942955,105.8683982
6697398312,1306381789,20.99429535,105.86842949999999
12099003714,1306381789,20.9942952,105.8684608
12099003714,1306381789,20.9942952,105.8684608
12099003722,1306381789,20.9943467,105.8684619
12099003722,1306381789,20.9943467,105.8684619
12099003723,1306381789,20.994398,105.8684637
12099003723,1306381789,20.994398,105.8684637
12098983461,1306381789,20.9944455,105.8684647
12098983461,1306381789,20.9944455,105.8684647
6221117534,1306381789,20.99447328,105.86846526000001
3292697265,1306381789,20.99450106,105.86846582
7247353857,1306381789,20.99452884,105.86846638
7634972167,1306381789,20.99455662,105.86846693999999
12099003724,1306381789,20.9945844,105.8684675
12099003724,1306381789,20.9945844,105.8684675
7771276582,1306381789,20.99460631666667,105.86844336666667
2147799935,1306381789,20.994628233333334,105.86841923333333
2289369353,1306381789,20.99465015,105.86839509999999
1982488936,1306381789,20.994672066666666,105.86837096666666
6493893281,1306381789,20.994693983333335,105.86834683333333
12099003725,1306381789,20.9947159,105.8683227
12099003725,1306381789,20.9947159,105.8683227
3487355698,1306381789,20.99474933333333,105.86832313333333
7574396232,1306381789,20.994782766666667,105.86832356666666
12087477516,1306381789,20.9948162,105.868324
12087477516,1306381789,20.9948162,105.868324
12099003740,1306381789,20.9948612,105.868324
12099003740,1306381789,20.9948612,105.868324
2826518124,1306381789,20.994880183333333,105.8683477
8766821813,1306381789,20.994899166666666,105.8683714
6656529247,1306381789,20.99491815,105.8683951
9759513454,1306381789,20.994937133333334,105.8684188
3842333796,1306381789,20.994956116666668,105.8684425
12099003739,1306381789,20.9949751,105.8684662
12099003739,1306381789,20.9949751,105.8684662
6332783758,1306381789,20.9950028,105.8684660375
1385765593,1306381789,20.995030500000002,105.868465875
3621722442,1306381789,20.995058200000003,105.8684657125
8748865614,1306381789,20.9950859,105.86846555
9292712837,1306381789,20.9951136,105.86846538750001
2283433972,1306381789,20.9951413,105.86846522500001
6925475922,1306381789,20.995169,105.86846506250001
12099003738,1306381789,20.9951967,105.8684649
12099003738,1306381789,20.9951967,105.8684649
1245922456,1306381789,20.995197154545455,105.86843392727273
9672563544,1306381789,20.99519760909091,105.86840295454546
4188453576,1306381789,20.995198063636366,105.86837198181819
3941346929,1306381789,20.99519851818182,105.86834100909091
5827885755,1306381789,20.995198972727273,105.86831003636364
1171917269,1306381789,20.995199427272727,105.86827906363636
4797647876,1306381789,20.99519988181818,105.86824809090909
4328528436,1306381789,20.995200336363634,105.86821711818182
2758349862,1306381789,20.99520079090909,105.86818614545454
6454288788,1306381789,20.995201245454545,105.86815517272727
12099003737,1306381789,20.9952017,105.8681242
12099003737,1306381789,20.9952017,105.8681242
3614269398,1306381789,20.99522975,105.86812407
6775152942,1306381789,20.9952578,105.86812394
4573917547,1306381789,20.99528585,105.86812381
4269194161,1306381789,20.9953139,105.86812368
5231119857,1306381789,20.99534195,105.86812355
7896467863,1306381789,20.99537,105.86812342
9546272341,1306381789,20.995398050000002,105.86812329
4569114837,1306381789,20.9954261,105.86812316
8384656957,1306381789,20.99545415,105.86812303
12099003736,1306381789,20.9954822,105.8681229
12099003736,1306381789,20.9954822,105.8681229
1935169397,1306381789,20.9954822,105.86815375
12099003735,1306381789,20.9954822,105.8681846
12099003735,1306381789,20.9954822,105.8681846
1374121912,1306381789,20.9955102125,105.86818476250001
5878575756,1306381789,20.995538225,105.86818492500001
5916467788,1306381789,20.9955662375,105.86818508750001
7536471339,1306381789,20.99559425,105.86818525000001
7362864919,1306381789,20.9956222625,105.8681854125
8535847513,1306381789,20.995650275,105.868185575
5426134158,1306381789,20.9956782875,105.8681857375
12099003734,1306381789,20.9957063,105.8681859
12099003734,1306381789,20.9957063,105.8681859
1597293458,1306381789,20.99570695,105.86815705000001
12099003733,1306381789,20.9957076,105.8681282
12099003733,1306381789,20.9957076,105.8681282
7742964549,1306381789,20.99573489,105.86812864
7228781719,1306381789,20.99576218,105.86812908
1193169936,1306381789,20.99578947,105.86812952
7743674641,1306381789,20.99581676,105.86812996
5718398875,1306381789,20.995844050000002,105.8681304
7669421752,1306381789,20.99587134,105.86813083999999
1382961918,1306381789,20.99589863,105.86813128
8419451986,1306381789,20.99592592,105.86813172
6966794176,1306381789,20.995953210000003,105.86813216
12099003732,1306381789,20.9959805,105.8681326
12099003732,1306381789,20.9959805,105.8681326
2196653636,1306381789,20.995980000000003,105.86817035
12099003731,1306381789,20.9959795,105.8682081
12099003731,1306381789,20.9959795,105.8682081
4943774961,1306381789,20.996007300000002,105.86820854444444
7296383135,1306381789,20.9960351,105.8682089888889
2742699276,1306381789,20.996062900000002,105.86820943333333
3458281998,1306381789,20.9960907,105.86820987777777
7219237996,1306381789,20.9961185,105.86821032222223
1643818924,1306381789,20.9961463,105.86821076666666
6638536199,1306381789,20.9961741,105.8682112111111
4128398531,1306381789,20.9962019,105.86821165555556
12099003730,1306381789,20.9962297,105.8682121
12099003730,1306381789,20.9962297,105.8682121
9528785282,1306381789,20.9962302,105.8681747
12099003729,1306381789,20.9962307,105.8681373
12099003729,1306381789,20.9962307,105.8681373
2244981832,1306381789,20.996260355555556,105.86813776666666
2131125191,1306381789,20.996290011111114,105.86813823333333
2486559582,1306381789,20.99631966666667,105.8681387
2579939981,1306381789,20.996349322222223,105.86813916666667
8366346772,1306381789,20.99637897777778,105.86813963333333
7436757289,1306381789,20.996408633333335,105.86814009999999
3786824236,1306381789,20.99643828888889,105.86814056666667
7644552972,1306381789,20.996467944444447,105.86814103333333
12099003728,1306381789,20.9964976,105.8681415
12099003728,1306381789,20.9964976,105.8681415
12099003727,1306381789,20.9964964,105.8681973
12099003727,1306381789,20.9964964,105.8681973
6142232682,1306381789,20.99652436666667,105.86819763333334
8796575352,1306381789,20.996552333333334,105.86819796666667
9767944132,1306381789,20.9965803,105.8681983
9974133296,1306381789,20.99660826666667,105.86819863333334
8691892613,1306381789,20.996636233333334,105.86819896666667
12107253251,1306381789,20.9966642,105.8681993
12107253251,1306381789,20.9966642,105.8681993
6312473315,1306381789,20.99669355,105.86819965000001
2557545566,1306381789,20.9967229,105.8682
7779363283,1306381789,20.99675225,105.86820035
12087477501,1306381789,20.9967816,105.8682007
12098983490,1307371133,20.9904463,105.8682114
5739261214,1307371133,20.990476662499997,105.8682124
2196238758,1307371133,20.990507025,105.8682134
2841838497,1307371133,20.990537387499998,105.8682144
8347877216,1307371133,20.990567749999997,105.8682154
5774718481,1307371133,20.9905981125,105.86821640000001
9599928626,1307371133,20.990628474999998,105.8682174
3921832112,1307371133,20.9906588375,105.8682184
12107164436,1307371133,20.9906892,105.8682194
12107164436,1307371133,20.9906892,105.8682194
2445571991,1307371133,20.99071817142857,105.8682171
7465278771,1307371133,20.990747142857142,105.8682148
5177257134,1307371133,20.990776114285712,105.8682125
9662171528,1307371133,20.990805085714285,105.86821020000001
4753729945,1307371133,20.990834057142855,105.8682079
5347355963,1307371133,20.99086302857143,105.86820560000001
12107164435,1307371133,20.990892,105.8682033
12107164435,1307371133,20.990892,105.8682033
1419123926,1307371133,20.99091762307692,105.8681898923077
3557271722,1307371133,20.990943246153844,105.86817648461539
2718789456,1307371133,20.99096886923077,105.86816307692308
8967789591,1307371133,20.990994492307692,105.86814966923077
8722526377,1307371133,20.991020115384615,105.86813626153847
1343557279,1307371133,20.991045738461537,105.86812285384616
5151159349,1307371133,20.991071361538463,105.86810944615385
5216985884,1307371133,20.991096984615385,105.86809603846154
8137788543,1307371133,20.991122607692308,105.86808263076924
5556119432,1307371133,20.99114823076923,105.86806922307693
5441918673,1307371133,20.991173853846156,105.86805581538462
1838663418,1307371133,20.99119947692308,105.86804240769231
12107164434,1307371133,20.9912251,105.868029
12107164434,1307371133,20.9912251,105.868029
9157592462,1307371133,20.991253445454547,105.86802888181819
3242576194,1307371133,20.991281790909092,105.86802876363637
8591559684,1307371133,20.991310136363637,105.86802864545454
3116735558,1307371133,20.991338481818183,105.86802852727273
1824922189,1307371133,20.991366827272728,105.86802840909091
3443474397,1307371133,20.991395172727273,105.8680282909091
9977145261,1307371133,20.99142351818182,105.86802817272728
4163953919,1307371133,20.991451863636364,105.86802805454546
2273278777,1307371133,20.99148020909091,105.86802793636363
5327699387,1307371133,20.991508554545455,105.86802781818182
12107209495,1307371133,20.9915369,105.8680277
12107209496,1307372758,20.9916708,105.8677611
6189887413,1307372758,20.991657410000002,105.86778776
9361559338,1307372758,20.991644020000003,105.86781442
9467898325,1307372758,20.99163063,105.86784107999999
9786828727,1307372758,20.99161724,105.86786774
1822518214,1307372758,20.99160385,105.8678944
8674486743,1307372758,20.99159046,105.86792106
9359532257,1307372758,20.99157707,105.86794772
6785588298,1307372758,20.99156368,105.86797437999999
7823995513,1307372758,20.99155029,105.86800104
12107209495,1307372758,20.9915369,105.8680277
12107209495,1307372758,20.9915369,105.8680277
8572956913,1307372758,20.99153839032258,105.86805652580645
3512686423,1307372758,20.99153988064516,105.8680853516129
7328899575,1307372758,20.99154137096774,105.86811417741936
2712822937,1307372758,20.991542861290323,105.86814300322581
8155537395,1307372758,20.9915443516129,105.86817182903226
3235767243,1307372758,20.991545841935483,105.8682006548387
9118656932,1307372758,20.991547332258065,105.86822948064516
9796822541,1307372758,20.991548822580643,105.86825830645161
1643166444,1307372758,20.991550312903225,105.86828713225806
9254831912,1307372758,20.991551803225807,105.86831595806451
8525757181,1307372758,20.991553293548385,105.86834478387097
1862823996,1307372758,20.991554783870967,105.86837360967742
5225642396,1307372758,20.99155627419355,105.86840243548387
6697613486,1307372758,20.991557764516127,105.86843126129033
4218314276,1307372758,20.99155925483871,105.86846008709678
3386258266,1307372758,20.99156074516129,105.86848891290322
5179563343,1307372758,20.991562235483872,105.86851773870967
4389211453,1307372758,20.99156372580645,105.86854656451612
8769539515,1307372758,20.991565216129032,105.86857539032258
5583633775,1307372758,20.991566706451614,105.86860421612903
4879821284,1307372758,20.991568196774193,105.86863304193548
1635546687,1307372758,20.991569687096774,105.86866186774193
2938233515,1307372758,20.991571177419356,105.86869069354839
5467217776,1307372758,20.991572667741934,105.86871951935484
8894774315,1307372758,20.991574158064516,105.8687483451613
7752919749,1307372758,20.991575648387098,105.86877717096773
7887897761,1307372758,20.991577138709676,105.86880599677419
2211688537,1307372758,20.991578629032258,105.86883482258064
9866836272,1307372758,20.99158011935484,105.86886364838709
8343993775,1307372758,20.991581609677418,105.86889247419354
12107209497,1307372758,20.9915831,105.8689213
12107209497,1307372758,20.9915831,105.8689213
2498162289,1307372758,20.99161121111111,105.86892288888889
5852397786,1307372758,20.991639322222223,105.86892447777778
2942944658,1307372758,20.991667433333333,105.86892606666666
5331315326,1307372758,20.991695544444443,105.86892765555555
1558161678,1307372758,20.991723655555557,105.86892924444444
3499284712,1307372758,20.991751766666667,105.86893083333334
5452661683,1307372758,20.991779877777777,105.86893242222222
9533385691,1307372758,20.99180798888889,105.86893401111111
12107209498,1307372758,20.9918361,105.8689356
12107209498,1307372758,20.9918361,105.8689356
9244989163,1307372758,20.991836316,105.868905988
2498587129,1307372758,20.991836532,105.868876376
4549311934,1307372758,20.991836748,105.868846764
2155761958,1307372758,20.991836964,105.868817152
8797255666,1307372758,20.99183718,105.86878754
6391616937,1307372758,20.991837396,105.868757928
5887857621,1307372758,20.991837612,105.868728316
7512279573,1307372758,20.991837828,105.868698704
9741778475,1307372758,20.991838044,105.868669092
5351774655,1307372758,20.99183826,105.86863948
3356238521,1307372758,20.991838476,105.868609868
1875187721,1307372758,20.991838692,105.868580256
6619959944,1307372758,20.991838908,105.868550644
7578859969,1307372758,20.991839124,105.868521032
3838962113,1307372758,20.99183934,105.86849142
5169551474,1307372758,20.991839556,105.86846180799999
7688929144,1307372758,20.991839772,105.868432196
8876426692,1307372758,20.991839988,105.868402584
1316276479,1307372758,20.991840204,105.868372972
5938688271,1307372758,20.99184042,105.86834336
7636932579,1307372758,20.991840636,105.86831374799999
1265882582,1307372758,20.991840852,105.868284136
3749814993,1307372758,20.991841068,105.868254524
6769588922,1307372758,20.991841284,105.868224912
12107209494,1307372758,20.9918415,105.8681953
12107209494,1307372758,20.9918415,105.8681953
2639874621,1307372758,20.9918423,105.86815956666666
9813128986,1307372758,20.9918431,105.86812383333333
12107240506,1307372758,20.9918439,105.8680881
12107240506,1307372758,20.9918439,105.8680881
5931959927,1307372758,20.991844554545455,105.86805846363636
9514766323,1307372758,20.991845209090908,105.86802882727272
2635855378,1307372758,20.991845863636364,105.86799919090909
1755312225,1307372758,20.99184651818182,105.86796955454545
8255868382,1307372758,20.991847172727272,105.86793991818182
7714443381,1307372758,20.99184782727273,105.86791028181817
6322575296,1307372758,20.99184848181818,105.86788064545453
8548882469,1307372758,20.991849136363637,105.8678510090909
2475468718,1307372758,20.991849790909093,105.86782137272726
7945821287,1307372758,20.991850445454546,105.86779173636363
12107164442,1307372758,20.9918511,105.8677621
5710080989,600509237,20.9921016,105.870164
8927152862,600509237,20.992129403448278,105.87016292413793
9429459258,600509237,20.992157206896554,105.87016184827587
5898599617,600509237,20.99218501034483,105.8701607724138
7929487727,600509237,20.992212813793106,105.87015969655172
9649833397,600509237,20.99224061724138,105.87015862068965
7292556745,600509237,20.992268420689655,105.87015754482759
6165267869,600509237,20.99229622413793,105.87015646896552
4281558774,600509237,20.992324027586207,105.87015539310345
8121433576,600509237,20.992351831034483,105.87015431724137
9975395247,600509237,20.99237963448276,105.87015324137931
3755585771,600509237,20.992407437931035,105.87015216551724
2898996657,600509237,20.99243524137931,105.87015108965517
5359536527,600509237,20.992463044827588,105.87015001379311
4415927845,600509237,20.992490848275864,105.87014893793103
8898142651,600509237,20.992518651724136,105.87014786206896
7547442347,600509237,20.992546455172413,105.87014678620689
9929776253,600509237,20.99257425862069,105.87014571034483
6572934677,600509237,20.992602062068965,105.87014463448276
6437467246,600509237,20.99262986551724,105.87014355862068
6676475772,600509237,20.992657668965517,105.87014248275862
9163546778,600509237,20.992685472413793,105.87014140689655
5267274617,600509237,20.99271327586207,105.87014033103448
7525839877,600509237,20.992741079310345,105.8701392551724
5575351183,600509237,20.99276888275862,105.87013817931035
9886458491,600509237,20.992796686206894,105.87013710344827
9923335526,600509237,20.99282448965517,105.8701360275862
5351795825,600509237,20.992852293103446,105.87013495172413
6821793358,600509237,20.992880096551723,105.87013387586207
12107240502,600509237,20.9929079,105.8701328
12107240502,600509237,20.9929079,105.8701328
6936635934,600509237,20.992935842857143,105.8701317142857
9141378146,600509237,20.992963785714284,105.87013062857143
7147356961,600509237,20.99299172857143,105.87012954285714
2736777194,600509237,20.99301967142857,105.87012845714285
9914426289,600509237,20.993047614285715,105.87012737142857
1543117652,600509237,20.993075557142856,105.87012628571429
5629422886,600509237,20.9931035,105.8701252
5629422911,954118563,20.9911259,105.8691041
7723473883,954118563,20.991101311111112,105.86912054444444
5486646147,954118563,20.99107672222222,105.86913698888888
5435562678,954118563,20.991052133333334,105.86915343333334
3769875343,954118563,20.991027544444446,105.86916987777778
8696631661,954118563,20.991002955555555,105.86918632222222
9148977323,954118563,20.990978366666667,105.86920276666666
6164962772,954118563,20.99095377777778,105.86921921111112
3716684678,954118563,20.990929188888888,105.86923565555556
8830798003,954118563,20.9909046,105.8692521
8830798003,954118563,20.9909046,105.8692521
4511184893,954118563,20.990875257142857,105.86925975714286
1975893744,954118563,20.990845914285714,105.86926741428572
3628489848,954118563,20.99081657142857,105.86927507142858
7154588796,954118563,20.99078722857143,105.86928272857142
3352811872,954118563,20.990757885714288,105.86929038571428
6589855575,954118563,20.990728542857145,105.86929804285714
8830798002,954118563,20.9906992,105.8693057
8830798002,954118563,20.9906992,105.8693057
4529215772,954118563,20.99067135,105.8693114
4637213487,954118563,20.9906435,105.86931709999999
9936931597,954118563,20.990615650000002,105.86932279999999
8830798000,954118563,20.9905878,105.8693285
8830798000,954118563,20.9905878,105.8693285
8830797998,954118563,20.9905621,105.8693755
8830797998,954118563,20.9905621,105.8693755
1336717966,954118563,20.990561707407405,105.8694052
6275277936,954118563,20.990561314814812,105.8694349
3244455922,954118563,20.99056092222222,105.8694646
6994164936,954118563,20.99056052962963,105.8694943
7691532176,954118563,20.990560137037036,105.869524
4419729841,954118563,20.990559744444443,105.8695537
4861466476,954118563,20.99055935185185,105.86958340000001
2719492324,954118563,20.990558959259257,105.86961310000001
9446832881,954118563,20.990558566666664,105.86964280000001
6257312873,954118563,20.99055817407407,105.86967250000001
2427245285,954118563,20.99055778148148,105.8697022
4844185336,954118563,20.990557388888888,105.8697319
3954368767,954118563,20.990556996296295,105.8697616
5139614356,954118563,20.990556603703702,105.8697913
9862957162,954118563,20.99055621111111,105.869821
8728756781,954118563,20.990555818518516,105.8698507
6487561762,954118563,20.990555425925926,105.8698804
2893284684,954118563,20.990555033333333,105.8699101
1972125621,954118563,20.99055464074074,105.8699398
4687138714,954118563,20.990554248148147,105.8699695
7951517699,954118563,20.990553855555554,105.86999920000001
6748737532,954118563,20.99055346296296,105.87002890000001
5597238221,954118563,20.990553070370368,105.87005860000001
3478132321,954118563,20.990552677777778,105.8700883
3839933719,954118563,20.990552285185185,105.870118
6569427435,954118563,20.990551892592592,105.8701477
12098983487,954118563,20.9905515,105.8701774
12098983487,954118563,20.9905515,105.8701774
2714273833,954118563,20.99057869473684,105.87017716491228
3393414574,954118563,20.990605889473684,105.87017692982457
7874764321,954118563,20.990633084210526,105.87017669473684
1939694341,954118563,20.990660278947367,105.87017645964913
7736772146,954118563,20.990687473684208,105.8701762245614
4352371433,954118563,20.990714668421052,105.8701759894737
2399321742,954118563,20.990741863157893,105.87017575438597
2488599276,954118563,20.990769057894735,105.87017551929824
2747167258,954118563,20.99079625263158,105.87017528421053
1648533224,954118563,20.99082344736842,105.8701750491228
2672596354,954118563,20.99085064210526,105.8701748140351
7393345752,954118563,20.990877836842106,105.87017457894737
1937117172,954118563,20.990905031578947,105.87017434385965
5439811194,954118563,20.99093222631579,105.87017410877193
5526645455,954118563,20.99095942105263,105.87017387368421
5973828888,954118563,20.990986615789474,105.8701736385965
1534123345,954118563,20.991013810526315,105.87017340350877
7964359121,954118563,20.991041005263156,105.87017316842106
8249693959,954118563,20.9910682,105.87017293333334
8851974412,954118563,20.991095394736842,105.87017269824561
5549324492,954118563,20.991122589473683,105.8701724631579
4959123556,954118563,20.991149784210528,105.87017222807017
1138658857,954118563,20.99117697894737,105.87017199298246
2135314932,954118563,20.99120417368421,105.87017175789474
7875772352,954118563,20.99123136842105,105.87017152280703
9738472271,954118563,20.991258563157896,105.8701712877193
7698138443,954118563,20.991285757894737,105.87017105263158
5289611376,954118563,20.991312952631578,105.87017081754387
8931855936,954118563,20.991340147368422,105.87017058245614
5561187285,954118563,20.991367342105264,105.87017034736843
2747872492,954118563,20.991394536842105,105.8701701122807
3829163653,954118563,20.99142173157895,105.87016987719298
1938178424,954118563,20.99144892631579,105.87016964210527
7637236998,954118563,20.99147612105263,105.87016940701754
6818747921,954118563,20.991503315789473,105.87016917192983
7637496148,954118563,20.991530510526317,105.8701689368421
9534718469,954118563,20.99155770526316,105.8701687017544
4111932486,954118563,20.9915849,105.87016846666667
2615671414,954118563,20.991612094736844,105.87016823157894
8623756837,954118563,20.991639289473685,105.87016799649123
6953238159,954118563,20.991666484210526,105.87016776140351
7171492243,954118563,20.99169367894737,105.8701675263158
6459925195,954118563,20.991720873684212,105.87016729122807
5248834678,954118563,20.991748068421053,105.87016705614036
5452292514,954118563,20.991775263157894,105.87016682105263
3398385159,954118563,20.99180245789474,105.87016658596491
6213734129,954118563,20.99182965263158,105.8701663508772
2354278681,954118563,20.99185684736842,105.87016611578947
2532459737,954118563,20.991884042105266,105.87016588070176
5769521832,954118563,20.991911236842107,105.87016564561404
4429733914,954118563,20.991938431578948,105.87016541052631
5335249954,954118563,20.991965626315793,105.8701651754386
1124996969,954118563,20.991992821052634,105.87016494035088
6582464576,954118563,20.992020015789475,105.87016470526316
2159674989,954118563,20.992047210526316,105.87016447017544
8167786563,954118563,20.99207440526316,105.87016423508773
5710080989,954118563,20.9921016,105.870164
12107240506,1307372758,20.9918439,105.8680881
